Year,Id,Depth (m),Latitude (Decimal degrees),Longtitude (Decimal degrees),sea_level_rise (mm),Sattelite type
1992,9615,0,-2.548926,118.0148634,-3.1,TOPEX/Poseidon
1992,9867,0,-2.548926,118.0148634,3.8,TOPEX/Poseidon
1993,125,0,-2.548926,118.0148634,-7.1,TOPEX/Poseidon
1993,4,0,-2.548926,118.0148634,-19.1,TOPEX/Poseidon
1993,665,0,-2.548926,118.0148634,-8.4,TOPEX/Poseidon
1993,971,0,-2.548926,118.0148634,24.8,TOPEX/Poseidon
1993,121,0,-2.548926,118.0148634,9.1,TOPEX/Poseidon
1993,1491,0,-2.548926,118.0148634,5,TOPEX/Poseidon
1993,1762,0,-2.548926,118.0148634,-29.7,TOPEX/Poseidon
1993,2037,0,-2.548926,118.0148634,-30.3,TOPEX/Poseidon
1993,2306,0,-2.548926,118.0148634,-34.6,TOPEX/Poseidon
1993,2853,0,-2.548926,118.0148634,-58.8,TOPEX/Poseidon
1993,3124,0,-2.548926,118.0148634,-69.3,TOPEX/Poseidon
1993,3393,0,-2.548926,118.0148634,-91.2,TOPEX/Poseidon
1993,3666,0,-2.548926,118.0148634,-101.4,TOPEX/Poseidon
1993,3938,0,-2.548926,118.0148634,-108.3,TOPEX/Poseidon
1993,4208,0,-2.548926,118.0148634,-111.3,TOPEX/Poseidon
1993,4479,0,-2.548926,118.0148634,-108,TOPEX/Poseidon
1993,4753,0,-2.548926,118.0148634,-113.9,TOPEX/Poseidon
1993,5012,0,-2.548926,118.0148634,-119.8,TOPEX/Poseidon
1993,5294,0,-2.548926,118.0148634,-122.5,TOPEX/Poseidon
1993,5835,0,-2.548926,118.0148634,-139.4,TOPEX/Poseidon
1993,6113,0,-2.548926,118.0148634,-139.1,TOPEX/Poseidon
1993,6379,0,-2.548926,118.0148634,-148.8,TOPEX/Poseidon
1993,6653,0,-2.548926,118.0148634,-137.3,TOPEX/Poseidon
1993,6921,0,-2.548926,118.0148634,-129.4,TOPEX/Poseidon
1993,7193,0,-2.548926,118.0148634,-142.6,TOPEX/Poseidon
1993,7465,0,-2.548926,118.0148634,-137.1,TOPEX/Poseidon
1993,7734,0,-2.548926,118.0148634,-112.6,TOPEX/Poseidon
1993,801,0,-2.548926,118.0148634,-90.4,TOPEX/Poseidon
1993,8551,0,-2.548926,118.0148634,-74.5,TOPEX/Poseidon
1993,8825,0,-2.548926,118.0148634,-56.3,TOPEX/Poseidon
1993,9097,0,-2.548926,118.0148634,-51.4,TOPEX/Poseidon
1993,9372,0,-2.548926,118.0148634,-43.1,TOPEX/Poseidon
1993,9639,0,-2.548926,118.0148634,4.9,TOPEX/Poseidon
1993,991,0,-2.548926,118.0148634,28.4,TOPEX/Poseidon
1994,178,0,-2.548926,118.0148634,5.9,TOPEX/Poseidon
1994,452,0,-2.548926,118.0148634,-0.8,TOPEX/Poseidon
1994,718,0,-2.548926,118.0148634,19.5,TOPEX/Poseidon
1994,992,0,-2.548926,118.0148634,-7.9,TOPEX/Poseidon
1994,1268,0,-2.548926,118.0148634,20.8,TOPEX/Poseidon
1994,1539,0,-2.548926,118.0148634,51.8,TOPEX/Poseidon
1994,1805,0,-2.548926,118.0148634,33.4,TOPEX/Poseidon
1994,2355,0,-2.548926,118.0148634,25.2,TOPEX/Poseidon
1994,2623,0,-2.548926,118.0148634,24.1,TOPEX/Poseidon
1994,2897,0,-2.548926,118.0148634,-6.2,TOPEX/Poseidon
1994,3169,0,-2.548926,118.0148634,-22.6,TOPEX/Poseidon
1994,3444,0,-2.548926,118.0148634,-31.4,TOPEX/Poseidon
1994,3707,0,-2.548926,118.0148634,-62.6,TOPEX/Poseidon
1994,3979,0,-2.548926,118.0148634,-85.4,TOPEX/Poseidon
1994,4253,0,-2.548926,118.0148634,-80.8,TOPEX/Poseidon
1994,4524,0,-2.548926,118.0148634,-85.1,TOPEX/Poseidon
1994,5063,0,-2.548926,118.0148634,-128.9,TOPEX/Poseidon
1994,5339,0,-2.548926,118.0148634,-124.3,TOPEX/Poseidon
1994,561,0,-2.548926,118.0148634,-159.6,TOPEX/Poseidon
1994,5881,0,-2.548926,118.0148634,-164,TOPEX/Poseidon
1994,6155,0,-2.548926,118.0148634,-183.1,TOPEX/Poseidon
1994,6424,0,-2.548926,118.0148634,-178.2,TOPEX/Poseidon
1994,6693,0,-2.548926,118.0148634,-172.4,TOPEX/Poseidon
1994,6969,0,-2.548926,118.0148634,-167.1,TOPEX/Poseidon
1994,7239,0,-2.548926,118.0148634,-152.2,TOPEX/Poseidon
1994,7509,0,-2.548926,118.0148634,-118.2,TOPEX/Poseidon
1994,7783,0,-2.548926,118.0148634,-111.6,TOPEX/Poseidon
1994,8055,0,-2.548926,118.0148634,-106.1,TOPEX/Poseidon
1994,8325,0,-2.548926,118.0148634,-88.9,TOPEX/Poseidon
1994,8871,0,-2.548926,118.0148634,-80.2,TOPEX/Poseidon
1994,914,0,-2.548926,118.0148634,-64.4,TOPEX/Poseidon
1994,9414,0,-2.548926,118.0148634,-29.5,TOPEX/Poseidon
1994,9684,0,-2.548926,118.0148634,-35.5,TOPEX/Poseidon
1994,9953,0,-2.548926,118.0148634,-50.5,TOPEX/Poseidon
1995,226,0,-2.548926,118.0148634,-33.9,TOPEX/Poseidon
1995,496,0,-2.548926,118.0148634,-9.9,TOPEX/Poseidon
1995,77,0,-2.548926,118.0148634,14.1,TOPEX/Poseidon
1995,1036,0,-2.548926,118.0148634,12.8,TOPEX/Poseidon
1995,1312,0,-2.548926,118.0148634,-8.7,TOPEX/Poseidon
1995,158,0,-2.548926,118.0148634,18.4,TOPEX/Poseidon
1995,2125,0,-2.548926,118.0148634,-1.6,TOPEX/Poseidon
1995,2396,0,-2.548926,118.0148634,1.7,TOPEX/Poseidon
1995,2667,0,-2.548926,118.0148634,12.2,TOPEX/Poseidon
1995,2941,0,-2.548926,118.0148634,-1.2,TOPEX/Poseidon
1995,321,0,-2.548926,118.0148634,-14.4,TOPEX/Poseidon
1995,3757,0,-2.548926,118.0148634,-36.2,TOPEX/Poseidon
1995,4025,0,-2.548926,118.0148634,-53.2,TOPEX/Poseidon
1995,4299,0,-2.548926,118.0148634,-61.8,TOPEX/Poseidon
1995,4571,0,-2.548926,118.0148634,-77.8,TOPEX/Poseidon
1995,4842,0,-2.548926,118.0148634,-101.4,TOPEX/Poseidon
1995,5385,0,-2.548926,118.0148634,-77.5,TOPEX/Poseidon
1995,5658,0,-2.548926,118.0148634,-97.9,TOPEX/Poseidon
1995,5926,0,-2.548926,118.0148634,-123,TOPEX/Poseidon
1995,6198,0,-2.548926,118.0148634,-123.4,TOPEX/Poseidon
1995,647,0,-2.548926,118.0148634,-116.6,TOPEX/Poseidon
1995,6733,0,-2.548926,118.0148634,-78.9,TOPEX/Poseidon
1995,7012,0,-2.548926,118.0148634,-75.7,TOPEX/Poseidon
1995,7286,0,-2.548926,118.0148634,-47.4,TOPEX/Poseidon
1995,7555,0,-2.548926,118.0148634,-38.6,TOPEX/Poseidon
1995,783,0,-2.548926,118.0148634,-33.5,TOPEX/Poseidon
1995,8369,0,-2.548926,118.0148634,-5.1,TOPEX/Poseidon
1995,8642,0,-2.548926,118.0148634,23,TOPEX/Poseidon
1995,8906,0,-2.548926,118.0148634,53.1,TOPEX/Poseidon
1995,9461,0,-2.548926,118.0148634,114.2,TOPEX/Poseidon
1995,9726,0,-2.548926,118.0148634,95.3,TOPEX/Poseidon
1995,9988,0,-2.548926,118.0148634,67.3,TOPEX/Poseidon
1996,266,0,-2.548926,118.0148634,66.8,TOPEX/Poseidon
1996,534,0,-2.548926,118.0148634,56.8,TOPEX/Poseidon
1996,812,0,-2.548926,118.0148634,60.1,TOPEX/Poseidon
1996,1086,0,-2.548926,118.0148634,56.8,TOPEX/Poseidon
1996,163,0,-2.548926,118.0148634,80,TOPEX/Poseidon
1996,1902,0,-2.548926,118.0148634,45.6,TOPEX/Poseidon
1996,217,0,-2.548926,118.0148634,24.9,TOPEX/Poseidon
1996,2442,0,-2.548926,118.0148634,30.1,TOPEX/Poseidon
1996,2712,0,-2.548926,118.0148634,50.6,TOPEX/Poseidon
1996,2985,0,-2.548926,118.0148634,46.2,TOPEX/Poseidon
1996,3256,0,-2.548926,118.0148634,42.6,TOPEX/Poseidon
1996,3528,0,-2.548926,118.0148634,45.5,TOPEX/Poseidon
1996,3803,0,-2.548926,118.0148634,19.9,TOPEX/Poseidon
1996,4073,0,-2.548926,118.0148634,6.7,TOPEX/Poseidon
1996,4343,0,-2.548926,118.0148634,-0.4,TOPEX/Poseidon
1996,4885,0,-2.548926,118.0148634,-17.4,TOPEX/Poseidon
1996,5158,0,-2.548926,118.0148634,-26.5,TOPEX/Poseidon
1996,5431,0,-2.548926,118.0148634,-13.6,TOPEX/Poseidon
1996,5699,0,-2.548926,118.0148634,-27.8,TOPEX/Poseidon
1996,5974,0,-2.548926,118.0148634,-41.1,TOPEX/Poseidon
1996,6241,0,-2.548926,118.0148634,-38.5,TOPEX/Poseidon
1996,6511,0,-2.548926,118.0148634,-31.4,TOPEX/Poseidon
1996,6787,0,-2.548926,118.0148634,-31.4,TOPEX/Poseidon
1996,7053,0,-2.548926,118.0148634,-13.2,TOPEX/Poseidon
1996,7343,0,-2.548926,118.0148634,-0.1,TOPEX/Poseidon
1996,7598,0,-2.548926,118.0148634,7.1,TOPEX/Poseidon
1996,8145,0,-2.548926,118.0148634,38.9,TOPEX/Poseidon
1996,8416,0,-2.548926,118.0148634,57.7,TOPEX/Poseidon
1996,8686,0,-2.548926,118.0148634,52.7,TOPEX/Poseidon
1996,8959,0,-2.548926,118.0148634,65.2,TOPEX/Poseidon
1996,9233,0,-2.548926,118.0148634,72.6,TOPEX/Poseidon
1996,9497,0,-2.548926,118.0148634,71,TOPEX/Poseidon
1996,9771,0,-2.548926,118.0148634,100.7,TOPEX/Poseidon
1997,43,0,-2.548926,118.0148634,108.1,TOPEX/Poseidon
1997,312,0,-2.548926,118.0148634,73.1,TOPEX/Poseidon
1997,585,0,-2.548926,118.0148634,57.5,TOPEX/Poseidon
1997,861,0,-2.548926,118.0148634,63.6,TOPEX/Poseidon
1997,1401,0,-2.548926,118.0148634,112.2,TOPEX/Poseidon
1997,1675,0,-2.548926,118.0148634,117.3,TOPEX/Poseidon
1997,1944,0,-2.548926,118.0148634,47.2,TOPEX/Poseidon
1997,222,0,-2.548926,118.0148634,20.4,TOPEX/Poseidon
1997,2486,0,-2.548926,118.0148634,18.8,TOPEX/Poseidon
1997,2759,0,-2.548926,118.0148634,-24.3,TOPEX/Poseidon
1997,3031,0,-2.548926,118.0148634,-44.5,TOPEX/Poseidon
1997,33,0,-2.548926,118.0148634,-41.7,TOPEX/Poseidon
1997,3574,0,-2.548926,118.0148634,-48.9,TOPEX/Poseidon
1997,3846,0,-2.548926,118.0148634,-54.9,TOPEX/Poseidon
1997,4116,0,-2.548926,118.0148634,-37.8,TOPEX/Poseidon
1997,4658,0,-2.548926,118.0148634,-111.5,TOPEX/Poseidon
1997,4919,0,-2.548926,118.0148634,-121.7,TOPEX/Poseidon
1997,5204,0,-2.548926,118.0148634,-123.8,TOPEX/Poseidon
1997,5474,0,-2.548926,118.0148634,-144.7,TOPEX/Poseidon
1997,5745,0,-2.548926,118.0148634,-159.5,TOPEX/Poseidon
1997,6287,0,-2.548926,118.0148634,-178.2,TOPEX/Poseidon
1997,6559,0,-2.548926,118.0148634,-172.1,TOPEX/Poseidon
1997,6828,0,-2.548926,118.0148634,-159.2,TOPEX/Poseidon
1997,7101,0,-2.548926,118.0148634,-183.6,TOPEX/Poseidon
1997,7373,0,-2.548926,118.0148634,-157.2,TOPEX/Poseidon
1997,7915,0,-2.548926,118.0148634,-163.4,TOPEX/Poseidon
1997,8188,0,-2.548926,118.0148634,-156.3,TOPEX/Poseidon
1997,8454,0,-2.548926,118.0148634,-149.4,TOPEX/Poseidon
1997,8732,0,-2.548926,118.0148634,-154.2,TOPEX/Poseidon
1997,9001,0,-2.548926,118.0148634,-146.8,TOPEX/Poseidon
1997,9275,0,-2.548926,118.0148634,-145.6,TOPEX/Poseidon
1997,9543,0,-2.548926,118.0148634,-133.1,TOPEX/Poseidon
1997,9819,0,-2.548926,118.0148634,-85.6,TOPEX/Poseidon
1998,85,0,-2.548926,118.0148634,-70.7,TOPEX/Poseidon
1998,356,0,-2.548926,118.0148634,-82.7,TOPEX/Poseidon
1998,902,0,-2.548926,118.0148634,-85.8,TOPEX/Poseidon
1998,1174,0,-2.548926,118.0148634,-75.3,TOPEX/Poseidon
1998,1447,0,-2.548926,118.0148634,-50.8,TOPEX/Poseidon
1998,1718,0,-2.548926,118.0148634,-24.6,TOPEX/Poseidon
1998,1992,0,-2.548926,118.0148634,-54.3,TOPEX/Poseidon
1998,2256,0,-2.548926,118.0148634,-24.3,TOPEX/Poseidon
1998,2531,0,-2.548926,118.0148634,-44,TOPEX/Poseidon
1998,2789,0,-2.548926,118.0148634,-34.3,TOPEX/Poseidon
1998,3079,0,-2.548926,118.0148634,-10,TOPEX/Poseidon
1998,3347,0,-2.548926,118.0148634,-13.6,TOPEX/Poseidon
1998,3612,0,-2.548926,118.0148634,-25.3,TOPEX/Poseidon
1998,4157,0,-2.548926,118.0148634,1.1,TOPEX/Poseidon
1998,4437,0,-2.548926,118.0148634,-2.6,TOPEX/Poseidon
1998,4706,0,-2.548926,118.0148634,-0.8,TOPEX/Poseidon
1998,4977,0,-2.548926,118.0148634,-5,TOPEX/Poseidon
1998,5246,0,-2.548926,118.0148634,-24.9,TOPEX/Poseidon
1998,5509,0,-2.548926,118.0148634,-22.8,TOPEX/Poseidon
1998,6061,0,-2.548926,118.0148634,-19.7,TOPEX/Poseidon
1998,633,0,-2.548926,118.0148634,-22.4,TOPEX/Poseidon
1998,6604,0,-2.548926,118.0148634,-16,TOPEX/Poseidon
1998,6876,0,-2.548926,118.0148634,-17.2,TOPEX/Poseidon
1998,7145,0,-2.548926,118.0148634,-14.2,TOPEX/Poseidon
1998,742,0,-2.548926,118.0148634,23.3,TOPEX/Poseidon
1998,7687,0,-2.548926,118.0148634,58,TOPEX/Poseidon
1998,8233,0,-2.548926,118.0148634,90,TOPEX/Poseidon
1998,8504,0,-2.548926,118.0148634,105.8,TOPEX/Poseidon
1998,8775,0,-2.548926,118.0148634,125,TOPEX/Poseidon
1998,9044,0,-2.548926,118.0148634,120.8,TOPEX/Poseidon
1998,9318,0,-2.548926,118.0148634,142.1,TOPEX/Poseidon
1998,9591,0,-2.548926,118.0148634,119.8,TOPEX/Poseidon
1998,9861,0,-2.548926,118.0148634,128.1,TOPEX/Poseidon
1999,126,0,-2.548926,118.0148634,106.6,TOPEX/Poseidon
1999,407,0,-2.548926,118.0148634,127.8,TOPEX/Poseidon
1999,947,0,-2.548926,118.0148634,129.9,TOPEX/Poseidon
1999,1264,0,-2.548926,118.0148634,163.9,TOPEX/Poseidon
1999,1491,0,-2.548926,118.0148634,142.6,TOPEX/Poseidon
1999,176,0,-2.548926,118.0148634,111.2,TOPEX/Poseidon
1999,2035,0,-2.548926,118.0148634,102,TOPEX/Poseidon
1999,2308,0,-2.548926,118.0148634,123.8,TOPEX/Poseidon
1999,2568,0,-2.548926,118.0148634,134.7,TOPEX/Poseidon
1999,2853,0,-2.548926,118.0148634,128.6,TOPEX/Poseidon
1999,3391,0,-2.548926,118.0148634,76.1,TOPEX/Poseidon
1999,3662,0,-2.548926,118.0148634,64.4,TOPEX/Poseidon
1999,3932,0,-2.548926,118.0148634,70.1,TOPEX/Poseidon
1999,4204,0,-2.548926,118.0148634,60.2,TOPEX/Poseidon
1999,4478,0,-2.548926,118.0148634,39.1,TOPEX/Poseidon
1999,475,0,-2.548926,118.0148634,10.8,TOPEX/Poseidon
1999,502,0,-2.548926,118.0148634,-14.7,TOPEX/Poseidon
1999,5293,0,-2.548926,118.0148634,-15.9,TOPEX/Poseidon
1999,5563,0,-2.548926,118.0148634,-38.1,TOPEX/Poseidon
1999,5835,0,-2.548926,118.0148634,-33.7,TOPEX/Poseidon
1999,6101,0,-2.548926,118.0148634,-54.7,TOPEX/Poseidon
1999,6378,0,-2.548926,118.0148634,-46.6,TOPEX/Poseidon
1999,6921,0,-2.548926,118.0148634,-38.3,TOPEX/Poseidon
1999,7193,0,-2.548926,118.0148634,-21.2,TOPEX/Poseidon
1999,7462,0,-2.548926,118.0148634,-6.8,TOPEX/Poseidon
1999,7733,0,-2.548926,118.0148634,29.9,TOPEX/Poseidon
1999,8007,0,-2.548926,118.0148634,56.4,TOPEX/Poseidon
1999,8273,0,-2.548926,118.0148634,74.1,TOPEX/Poseidon
1999,8547,0,-2.548926,118.0148634,89.8,TOPEX/Poseidon
1999,8816,0,-2.548926,118.0148634,95.3,TOPEX/Poseidon
1999,9091,0,-2.548926,118.0148634,95.5,TOPEX/Poseidon
1999,9633,0,-2.548926,118.0148634,129,TOPEX/Poseidon
1999,9904,0,-2.548926,118.0148634,147.2,TOPEX/Poseidon
2000,183,0,-2.548926,118.0148634,110.3,TOPEX/Poseidon
2000,45,0,-2.548926,118.0148634,98.5,TOPEX/Poseidon
2000,723,0,-2.548926,118.0148634,123,TOPEX/Poseidon
2000,992,0,-2.548926,118.0148634,123.3,TOPEX/Poseidon
2000,1262,0,-2.548926,118.0148634,136.4,TOPEX/Poseidon
2000,1533,0,-2.548926,118.0148634,159.2,TOPEX/Poseidon
2000,1805,0,-2.548926,118.0148634,151.1,TOPEX/Poseidon
2000,2078,0,-2.548926,118.0148634,145.9,TOPEX/Poseidon
2000,2347,0,-2.548926,118.0148634,152.6,TOPEX/Poseidon
2000,2893,0,-2.548926,118.0148634,142.5,TOPEX/Poseidon
2000,3166,0,-2.548926,118.0148634,143.6,TOPEX/Poseidon
2000,3437,0,-2.548926,118.0148634,98.8,TOPEX/Poseidon
2000,3707,0,-2.548926,118.0148634,90.5,TOPEX/Poseidon
2000,3976,0,-2.548926,118.0148634,75.2,TOPEX/Poseidon
2000,425,0,-2.548926,118.0148634,38.7,TOPEX/Poseidon
2000,4523,0,-2.548926,118.0148634,24,TOPEX/Poseidon
2000,4796,0,-2.548926,118.0148634,16.8,TOPEX/Poseidon
2000,5063,0,-2.548926,118.0148634,8.6,TOPEX/Poseidon
2000,5336,0,-2.548926,118.0148634,20,TOPEX/Poseidon
2000,5876,0,-2.548926,118.0148634,-15.4,TOPEX/Poseidon
2000,6149,0,-2.548926,118.0148634,-17,TOPEX/Poseidon
2000,642,0,-2.548926,118.0148634,-3.1,TOPEX/Poseidon
2000,6692,0,-2.548926,118.0148634,-1.8,TOPEX/Poseidon
2000,6965,0,-2.548926,118.0148634,-14.3,TOPEX/Poseidon
2000,7235,0,-2.548926,118.0148634,4.8,TOPEX/Poseidon
2000,7507,0,-2.548926,118.0148634,23.4,TOPEX/Poseidon
2000,7778,0,-2.548926,118.0148634,35.8,TOPEX/Poseidon
2000,8051,0,-2.548926,118.0148634,38.5,TOPEX/Poseidon
2000,8597,0,-2.548926,118.0148634,71.9,TOPEX/Poseidon
2000,8858,0,-2.548926,118.0148634,77.1,TOPEX/Poseidon
2000,9148,0,-2.548926,118.0148634,107.8,TOPEX/Poseidon
2000,9408,0,-2.548926,118.0148634,134.9,TOPEX/Poseidon
2000,9678,0,-2.548926,118.0148634,109.5,TOPEX/Poseidon
2000,9952,0,-2.548926,118.0148634,98.2,TOPEX/Poseidon
2001,225,0,-2.548926,118.0148634,105.1,TOPEX/Poseidon
2001,764,0,-2.548926,118.0148634,108.1,TOPEX/Poseidon
2001,104,0,-2.548926,118.0148634,158,TOPEX/Poseidon
2001,1311,0,-2.548926,118.0148634,182.5,TOPEX/Poseidon
2001,1582,0,-2.548926,118.0148634,163.4,TOPEX/Poseidon
2001,1851,0,-2.548926,118.0148634,145.5,TOPEX/Poseidon
2001,2125,0,-2.548926,118.0148634,124.5,TOPEX/Poseidon
2001,2388,0,-2.548926,118.0148634,102.7,TOPEX/Poseidon
2001,2668,0,-2.548926,118.0148634,111.7,TOPEX/Poseidon
2001,2938,0,-2.548926,118.0148634,90.4,TOPEX/Poseidon
2001,3209,0,-2.548926,118.0148634,71.3,TOPEX/Poseidon
2001,3481,0,-2.548926,118.0148634,77.9,TOPEX/Poseidon
2001,3753,0,-2.548926,118.0148634,64.1,TOPEX/Poseidon
2001,4018,0,-2.548926,118.0148634,30.7,TOPEX/Poseidon
2001,4294,0,-2.548926,118.0148634,34.6,TOPEX/Poseidon
2001,4563,0,-2.548926,118.0148634,23.4,TOPEX/Poseidon
2001,4837,0,-2.548926,118.0148634,1.3,TOPEX/Poseidon
2001,5109,0,-2.548926,118.0148634,-7.8,TOPEX/Poseidon
2001,5377,0,-2.548926,118.0148634,-22,TOPEX/Poseidon
2001,5654,0,-2.548926,118.0148634,-50,TOPEX/Poseidon
2001,5926,0,-2.548926,118.0148634,-44,TOPEX/Poseidon
2001,6198,0,-2.548926,118.0148634,-48.5,TOPEX/Poseidon
2001,6466,0,-2.548926,118.0148634,-64.4,TOPEX/Poseidon
2001,6737,0,-2.548926,118.0148634,-35.3,TOPEX/Poseidon
2001,7006,0,-2.548926,118.0148634,-20,TOPEX/Poseidon
2001,7281,0,-2.548926,118.0148634,-16.5,TOPEX/Poseidon
2001,7554,0,-2.548926,118.0148634,-9.3,TOPEX/Poseidon
2001,7821,0,-2.548926,118.0148634,4.5,TOPEX/Poseidon
2001,8099,0,-2.548926,118.0148634,16.8,TOPEX/Poseidon
2001,837,0,-2.548926,118.0148634,35.2,TOPEX/Poseidon
2001,8641,0,-2.548926,118.0148634,42.2,TOPEX/Poseidon
2001,8917,0,-2.548926,118.0148634,69.3,TOPEX/Poseidon
2001,9183,0,-2.548926,118.0148634,78.4,TOPEX/Poseidon
2001,9455,0,-2.548926,118.0148634,63.1,TOPEX/Poseidon
2001,9724,0,-2.548926,118.0148634,55.7,TOPEX/Poseidon
2001,9996,0,-2.548926,118.0148634,68.1,TOPEX/Poseidon
2002,272,0,-2.548926,118.0148634,54.3,TOPEX/Poseidon
2002,536,0,-2.548926,118.0148634,20.77,Jason-1
2002,541,0,-2.548926,118.0148634,37.7,TOPEX/Poseidon
2002,811,0,-2.548926,118.0148634,56.1,TOPEX/Poseidon
2002,817,0,-2.548926,118.0148634,40.57,Jason-1
2002,1082,0,-2.548926,118.0148634,76.77,Jason-1
2002,1084,0,-2.548926,118.0148634,83,TOPEX/Poseidon
2002,1349,0,-2.548926,118.0148634,92.77,Jason-1
2002,1355,0,-2.548926,118.0148634,105.4,TOPEX/Poseidon
2002,1618,0,-2.548926,118.0148634,67.07,Jason-1
2002,1624,0,-2.548926,118.0148634,72.3,TOPEX/Poseidon
2002,1893,0,-2.548926,118.0148634,60.4,TOPEX/Poseidon
2002,19,0,-2.548926,118.0148634,45.57,Jason-1
2002,2162,0,-2.548926,118.0148634,28.97,Jason-1
2002,2166,0,-2.548926,118.0148634,37.5,TOPEX/Poseidon
2002,243,0,-2.548926,118.0148634,23.27,Jason-1
2002,2439,0,-2.548926,118.0148634,23.2,TOPEX/Poseidon
2002,2707,0,-2.548926,118.0148634,25,TOPEX/Poseidon
2002,2708,0,-2.548926,118.0148634,25.37,Jason-1
2002,2982,0,-2.548926,118.0148634,13.97,Jason-1
2002,2989,0,-2.548926,118.0148634,2.5,TOPEX/Poseidon
2002,325,0,-2.548926,118.0148634,-15.63,Jason-1
2002,3253,0,-2.548926,118.0148634,-8.8,TOPEX/Poseidon
2002,352,0,-2.548926,118.0148634,-9.93,Jason-1
2002,3524,0,-2.548926,118.0148634,-3.8,TOPEX/Poseidon
2002,3795,0,-2.548926,118.0148634,10.37,Jason-1
2002,3797,0,-2.548926,118.0148634,10.9,TOPEX/Poseidon
2002,4066,0,-2.548926,118.0148634,-10.03,Jason-1
2002,4074,0,-2.548926,118.0148634,-16.9,TOPEX/Poseidon
2002,4338,0,-2.548926,118.0148634,-29.63,Jason-1
2002,434,0,-2.548926,118.0148634,-37.4,TOPEX/Poseidon
2002,4611,0,-2.548926,118.0148634,-15.23,Jason-1
2002,4613,0,-2.548926,118.0148634,-24.4,TOPEX/Poseidon
2002,4885,0,-2.548926,118.0148634,-35.4,TOPEX/Poseidon
2002,5151,0,-2.548926,118.0148634,-66.73,Jason-1
2002,5421,0,-2.548926,118.0148634,-47.63,Jason-1
2002,5427,0,-2.548926,118.0148634,-59.4,TOPEX/Poseidon
2002,5693,0,-2.548926,118.0148634,-58.53,Jason-1
2002,5696,0,-2.548926,118.0148634,-75.9,TOPEX/Poseidon
2002,5967,0,-2.548926,118.0148634,-66.63,Jason-1
2002,5968,0,-2.548926,118.0148634,-82.1,TOPEX/Poseidon
2002,6238,0,-2.548926,118.0148634,-79.03,Jason-1
2002,6244,0,-2.548926,118.0148634,-96.8,TOPEX/Poseidon
2002,651,0,-2.548926,118.0148634,-88.33,Jason-1
2002,6549,0,-2.548926,118.0148634,-88.3,TOPEX/Poseidon
2002,6773,0,-2.548926,118.0148634,-102.5,TOPEX/Poseidon
2002,6777,0,-2.548926,118.0148634,-102.33,Jason-1
2002,7053,0,-2.548926,118.0148634,-85.53,Jason-1
2002,7059,0,-2.548926,118.0148634,-80.9,TOPEX/Poseidon
2002,7316,0,-2.548926,118.0148634,-83.2,TOPEX/Poseidon
2002,732,0,-2.548926,118.0148634,-76.33,Jason-1
2002,7587,0,-2.548926,118.0148634,-91.4,TOPEX/Poseidon
2002,7596,0,-2.548926,118.0148634,-78.33,Jason-1
2002,7847,0,-2.548926,118.0148634,-83.1,TOPEX/Poseidon
2002,7866,0,-2.548926,118.0148634,-79.63,Jason-1
2002,8139,0,-2.548926,118.0148634,-51.9,TOPEX/Poseidon
2002,814,0,-2.548926,118.0148634,-48.53,Jason-1
2002,8407,0,-2.548926,118.0148634,-58.6,TOPEX/Poseidon
2002,8408,0,-2.548926,118.0148634,-71.33,Jason-1
2002,8673,0,-2.548926,118.0148634,-64.5,TOPEX/Poseidon
2002,8677,0,-2.548926,118.0148634,-66.93,Jason-1
2002,8936,0,-2.548926,118.0148634,-63.23,Jason-1
2002,8957,0,-2.548926,118.0148634,-73.8,TOPEX/Poseidon
2002,9215,0,-2.548926,118.0148634,-38.4,TOPEX/Poseidon
2002,9219,0,-2.548926,118.0148634,-31.33,Jason-1
2002,9487,0,-2.548926,118.0148634,-27,TOPEX/Poseidon
2002,9499,0,-2.548926,118.0148634,-24.23,Jason-1
2002,9758,0,-2.548926,118.0148634,-22.8,TOPEX/Poseidon
2002,9769,0,-2.548926,118.0148634,-28.83,Jason-1
2003,31,0,-2.548926,118.0148634,-1.4,TOPEX/Poseidon
2003,41,0,-2.548926,118.0148634,2.47,Jason-1
2003,3,0,-2.548926,118.0148634,62.5,TOPEX/Poseidon
2003,305,0,-2.548926,118.0148634,57.17,Jason-1
2003,571,0,-2.548926,118.0148634,15.7,TOPEX/Poseidon
2003,574,0,-2.548926,118.0148634,10.07,Jason-1
2003,84,0,-2.548926,118.0148634,-8.3,TOPEX/Poseidon
2003,853,0,-2.548926,118.0148634,4.37,Jason-1
2003,1116,0,-2.548926,118.0148634,25.8,TOPEX/Poseidon
2003,1126,0,-2.548926,118.0148634,25.97,Jason-1
2003,1388,0,-2.548926,118.0148634,41,TOPEX/Poseidon
2003,1396,0,-2.548926,118.0148634,28.17,Jason-1
2003,1656,0,-2.548926,118.0148634,46.8,TOPEX/Poseidon
2003,1664,0,-2.548926,118.0148634,41.27,Jason-1
2003,1929,0,-2.548926,118.0148634,28.3,TOPEX/Poseidon
2003,1936,0,-2.548926,118.0148634,27.97,Jason-1
2003,2202,0,-2.548926,118.0148634,3.2,TOPEX/Poseidon
2003,2213,0,-2.548926,118.0148634,5.97,Jason-1
2003,2473,0,-2.548926,118.0148634,13.37,Jason-1
2003,2478,0,-2.548926,118.0148634,7.2,TOPEX/Poseidon
2003,2749,0,-2.548926,118.0148634,14.3,TOPEX/Poseidon
2003,2799,0,-2.548926,118.0148634,2.37,Jason-1
2003,3015,0,-2.548926,118.0148634,-4.7,TOPEX/Poseidon
2003,303,0,-2.548926,118.0148634,-18.03,Jason-1
2003,329,0,-2.548926,118.0148634,-18.2,TOPEX/Poseidon
2003,3295,0,-2.548926,118.0148634,-38.83,Jason-1
2003,3554,0,-2.548926,118.0148634,-14.4,TOPEX/Poseidon
2003,3567,0,-2.548926,118.0148634,-14.43,Jason-1
2003,3832,0,-2.548926,118.0148634,2,TOPEX/Poseidon
2003,3839,0,-2.548926,118.0148634,11.57,Jason-1
2003,4103,0,-2.548926,118.0148634,-18.6,TOPEX/Poseidon
2003,4109,0,-2.548926,118.0148634,-12.03,Jason-1
2003,4374,0,-2.548926,118.0148634,-38.8,TOPEX/Poseidon
2003,4382,0,-2.548926,118.0148634,-36.43,Jason-1
2003,4648,0,-2.548926,118.0148634,-55.4,TOPEX/Poseidon
2003,4655,0,-2.548926,118.0148634,-48.53,Jason-1
2003,4917,0,-2.548926,118.0148634,-68,TOPEX/Poseidon
2003,4929,0,-2.548926,118.0148634,-64.03,Jason-1
2003,5184,0,-2.548926,118.0148634,-79.3,TOPEX/Poseidon
2003,52,0,-2.548926,118.0148634,-79.83,Jason-1
2003,546,0,-2.548926,118.0148634,-81,TOPEX/Poseidon
2003,5469,0,-2.548926,118.0148634,-82.03,Jason-1
2003,5734,0,-2.548926,118.0148634,-112,TOPEX/Poseidon
2003,574,0,-2.548926,118.0148634,-105.43,Jason-1
2003,6001,0,-2.548926,118.0148634,-97.7,TOPEX/Poseidon
2003,6015,0,-2.548926,118.0148634,-93.13,Jason-1
2003,6276,0,-2.548926,118.0148634,-81.3,TOPEX/Poseidon
2003,6287,0,-2.548926,118.0148634,-86.03,Jason-1
2003,6546,0,-2.548926,118.0148634,-81.9,TOPEX/Poseidon
2003,6556,0,-2.548926,118.0148634,-92.03,Jason-1
2003,6812,0,-2.548926,118.0148634,-83.9,TOPEX/Poseidon
2003,6824,0,-2.548926,118.0148634,-87.43,Jason-1
2003,7093,0,-2.548926,118.0148634,-68.3,TOPEX/Poseidon
2003,7102,0,-2.548926,118.0148634,-59.03,Jason-1
2003,736,0,-2.548926,118.0148634,-57.7,TOPEX/Poseidon
2003,7367,0,-2.548926,118.0148634,-40.63,Jason-1
2003,7633,0,-2.548926,118.0148634,-39.7,TOPEX/Poseidon
2003,7638,0,-2.548926,118.0148634,-32.63,Jason-1
2003,79,0,-2.548926,118.0148634,-21.8,TOPEX/Poseidon
2003,7912,0,-2.548926,118.0148634,-34.03,Jason-1
2003,8167,0,-2.548926,118.0148634,1.7,TOPEX/Poseidon
2003,8175,0,-2.548926,118.0148634,-2.43,Jason-1
2003,8446,0,-2.548926,118.0148634,-2.8,TOPEX/Poseidon
2003,8461,0,-2.548926,118.0148634,-15.53,Jason-1
2003,8711,0,-2.548926,118.0148634,-5.83,Jason-1
2003,8717,0,-2.548926,118.0148634,-13.7,TOPEX/Poseidon
2003,899,0,-2.548926,118.0148634,-7.7,TOPEX/Poseidon
2003,9116,0,-2.548926,118.0148634,-1.83,Jason-1
2003,9261,0,-2.548926,118.0148634,20.2,TOPEX/Poseidon
2003,9273,0,-2.548926,118.0148634,21.07,Jason-1
2003,9529,0,-2.548926,118.0148634,53,TOPEX/Poseidon
2003,9548,0,-2.548926,118.0148634,51.27,Jason-1
2003,9808,0,-2.548926,118.0148634,68.2,TOPEX/Poseidon
2003,9809,0,-2.548926,118.0148634,58.77,Jason-1
2004,76,0,-2.548926,118.0148634,43.7,TOPEX/Poseidon
2004,82,0,-2.548926,118.0148634,36.17,Jason-1
2004,343,0,-2.548926,118.0148634,34.5,TOPEX/Poseidon
2004,346,0,-2.548926,118.0148634,33.97,Jason-1
2004,61,0,-2.548926,118.0148634,-8.4,TOPEX/Poseidon
2004,62,0,-2.548926,118.0148634,4.27,Jason-1
2004,888,0,-2.548926,118.0148634,36.1,TOPEX/Poseidon
2004,901,0,-2.548926,118.0148634,43.17,Jason-1
2004,1129,0,-2.548926,118.0148634,57.47,Jason-1
2004,1163,0,-2.548926,118.0148634,59.6,TOPEX/Poseidon
2004,143,0,-2.548926,118.0148634,32.1,TOPEX/Poseidon
2004,149,0,-2.548926,118.0148634,36.07,Jason-1
2004,1702,0,-2.548926,118.0148634,34.2,TOPEX/Poseidon
2004,1712,0,-2.548926,118.0148634,31.07,Jason-1
2004,1975,0,-2.548926,118.0148634,69.3,TOPEX/Poseidon
2004,1991,0,-2.548926,118.0148634,54.67,Jason-1
2004,2244,0,-2.548926,118.0148634,72.8,TOPEX/Poseidon
2004,2252,0,-2.548926,118.0148634,65.97,Jason-1
2004,2511,0,-2.548926,118.0148634,59.67,Jason-1
2004,2524,0,-2.548926,118.0148634,60.2,TOPEX/Poseidon
2004,279,0,-2.548926,118.0148634,30,TOPEX/Poseidon
2004,2799,0,-2.548926,118.0148634,12.97,Jason-1
2004,3066,0,-2.548926,118.0148634,22.9,TOPEX/Poseidon
2004,3071,0,-2.548926,118.0148634,18.77,Jason-1
2004,3333,0,-2.548926,118.0148634,15.9,TOPEX/Poseidon
2004,3344,0,-2.548926,118.0148634,9.27,Jason-1
2004,3604,0,-2.548926,118.0148634,18.8,TOPEX/Poseidon
2004,3617,0,-2.548926,118.0148634,18.87,Jason-1
2004,3869,0,-2.548926,118.0148634,37.2,TOPEX/Poseidon
2004,3878,0,-2.548926,118.0148634,26.97,Jason-1
2004,4157,0,-2.548926,118.0148634,24.57,Jason-1
2004,4426,0,-2.548926,118.0148634,4.37,Jason-1
2004,4697,0,-2.548926,118.0148634,-41.43,Jason-1
2004,4722,0,-2.548926,118.0148634,-40.9,TOPEX/Poseidon
2004,4948,0,-2.548926,118.0148634,-67.8,TOPEX/Poseidon
2004,4971,0,-2.548926,118.0148634,-62.13,Jason-1
2004,5223,0,-2.548926,118.0148634,-48.3,TOPEX/Poseidon
2004,5239,0,-2.548926,118.0148634,-42.73,Jason-1
2004,5484,0,-2.548926,118.0148634,-77.2,TOPEX/Poseidon
2004,5516,0,-2.548926,118.0148634,-73.33,Jason-1
2004,5751,0,-2.548926,118.0148634,-85.7,TOPEX/Poseidon
2004,5781,0,-2.548926,118.0148634,-78.63,Jason-1
2004,6045,0,-2.548926,118.0148634,-84.3,TOPEX/Poseidon
2004,6055,0,-2.548926,118.0148634,-89.33,Jason-1
2004,6318,0,-2.548926,118.0148634,-107.1,TOPEX/Poseidon
2004,6326,0,-2.548926,118.0148634,-106.53,Jason-1
2004,6592,0,-2.548926,118.0148634,-97.3,TOPEX/Poseidon
2004,6597,0,-2.548926,118.0148634,-95.63,Jason-1
2004,686,0,-2.548926,118.0148634,-94.5,TOPEX/Poseidon
2004,6874,0,-2.548926,118.0148634,-83.03,Jason-1
2004,7129,0,-2.548926,118.0148634,-87.4,TOPEX/Poseidon
2004,7138,0,-2.548926,118.0148634,-77.63,Jason-1
2004,7408,0,-2.548926,118.0148634,-91.43,Jason-1
2004,741,0,-2.548926,118.0148634,-86.3,TOPEX/Poseidon
2004,7676,0,-2.548926,118.0148634,-54.3,TOPEX/Poseidon
2004,7684,0,-2.548926,118.0148634,-61.33,Jason-1
2004,7943,0,-2.548926,118.0148634,-33.5,TOPEX/Poseidon
2004,7951,0,-2.548926,118.0148634,-33.03,Jason-1
2004,8215,0,-2.548926,118.0148634,-34,TOPEX/Poseidon
2004,8228,0,-2.548926,118.0148634,-29.43,Jason-1
2004,8494,0,-2.548926,118.0148634,-38.9,TOPEX/Poseidon
2004,8502,0,-2.548926,118.0148634,-27.73,Jason-1
2004,8766,0,-2.548926,118.0148634,-35.2,TOPEX/Poseidon
2004,8775,0,-2.548926,118.0148634,-28.53,Jason-1
2004,9038,0,-2.548926,118.0148634,-20.3,TOPEX/Poseidon
2004,9045,0,-2.548926,118.0148634,-28.13,Jason-1
2004,9304,0,-2.548926,118.0148634,4,TOPEX/Poseidon
2004,9318,0,-2.548926,118.0148634,3.87,Jason-1
2004,9532,0,-2.548926,118.0148634,2.4,TOPEX/Poseidon
2004,9589,0,-2.548926,118.0148634,0.27,Jason-1
2004,9841,0,-2.548926,118.0148634,-0.3,TOPEX/Poseidon
2004,9856,0,-2.548926,118.0148634,1.47,Jason-1
2005,115,0,-2.548926,118.0148634,22.3,TOPEX/Poseidon
2005,131,0,-2.548926,118.0148634,26.67,Jason-1
2005,392,0,-2.548926,118.0148634,21.7,TOPEX/Poseidon
2005,666,0,-2.548926,118.0148634,49.2,TOPEX/Poseidon
2005,672,0,-2.548926,118.0148634,43.67,Jason-1
2005,927,0,-2.548926,118.0148634,35,TOPEX/Poseidon
2005,943,0,-2.548926,118.0148634,27.07,Jason-1
2005,1205,0,-2.548926,118.0148634,19.3,TOPEX/Poseidon
2005,1212,0,-2.548926,118.0148634,9.67,Jason-1
2005,1478,0,-2.548926,118.0148634,-7.7,TOPEX/Poseidon
2005,1484,0,-2.548926,118.0148634,-6.93,Jason-1
2005,1747,0,-2.548926,118.0148634,22.2,TOPEX/Poseidon
2005,1757,0,-2.548926,118.0148634,14.07,Jason-1
2005,2024,0,-2.548926,118.0148634,40.4,TOPEX/Poseidon
2005,2027,0,-2.548926,118.0148634,27.77,Jason-1
2005,229,0,-2.548926,118.0148634,22,TOPEX/Poseidon
2005,2298,0,-2.548926,118.0148634,12.07,Jason-1
2005,2562,0,-2.548926,118.0148634,6.7,TOPEX/Poseidon
2005,2576,0,-2.548926,118.0148634,4.27,Jason-1
2005,2838,0,-2.548926,118.0148634,17.9,TOPEX/Poseidon
2005,2841,0,-2.548926,118.0148634,20.07,Jason-1
2005,3101,0,-2.548926,118.0148634,-16,TOPEX/Poseidon
2005,3115,0,-2.548926,118.0148634,-10.23,Jason-1
2005,3368,0,-2.548926,118.0148634,-21.4,TOPEX/Poseidon
2005,338,0,-2.548926,118.0148634,-21.63,Jason-1
2005,3646,0,-2.548926,118.0148634,-16,TOPEX/Poseidon
2005,3663,0,-2.548926,118.0148634,-11.33,Jason-1
2005,3922,0,-2.548926,118.0148634,-21.9,TOPEX/Poseidon
2005,3929,0,-2.548926,118.0148634,-34.93,Jason-1
2005,4183,0,-2.548926,118.0148634,-45.7,TOPEX/Poseidon
2005,4202,0,-2.548926,118.0148634,-37.83,Jason-1
2005,4461,0,-2.548926,118.0148634,-24.9,TOPEX/Poseidon
2005,4469,0,-2.548926,118.0148634,-28.23,Jason-1
2005,4727,0,-2.548926,118.0148634,-27.3,TOPEX/Poseidon
2005,4742,0,-2.548926,118.0148634,-12.53,Jason-1
2005,5002,0,-2.548926,118.0148634,-47.1,TOPEX/Poseidon
2005,5014,0,-2.548926,118.0148634,-24.93,Jason-1
2005,5281,0,-2.548926,118.0148634,-36.4,TOPEX/Poseidon
2005,5287,0,-2.548926,118.0148634,-16.53,Jason-1
2005,5555,0,-2.548926,118.0148634,-61,TOPEX/Poseidon
2005,5559,0,-2.548926,118.0148634,-60.13,Jason-1
2005,5819,0,-2.548926,118.0148634,-54,TOPEX/Poseidon
2005,5831,0,-2.548926,118.0148634,-45.53,Jason-1
2005,6091,0,-2.548926,118.0148634,-55.7,TOPEX/Poseidon
2005,6095,0,-2.548926,118.0148634,-52.53,Jason-1
2005,6362,0,-2.548926,118.0148634,-78.6,TOPEX/Poseidon
2005,6384,0,-2.548926,118.0148634,-71.33,Jason-1
2005,663,0,-2.548926,118.0148634,-69.3,TOPEX/Poseidon
2005,6643,0,-2.548926,118.0148634,-59.73,Jason-1
2005,6896,0,-2.548926,118.0148634,-29.4,TOPEX/Poseidon
2005,6913,0,-2.548926,118.0148634,-20.33,Jason-1
2005,7129,0,-2.548926,118.0148634,-30.23,Jason-1
2005,7179,0,-2.548926,118.0148634,-25.3,TOPEX/Poseidon
2005,7451,0,-2.548926,118.0148634,-47,TOPEX/Poseidon
2005,7515,0,-2.548926,118.0148634,-51.93,Jason-1
2005,7652,0,-2.548926,118.0148634,-30,TOPEX/Poseidon
2005,7726,0,-2.548926,118.0148634,-15.93,Jason-1
2005,8003,0,-2.548926,118.0148634,15.77,Jason-1
2005,8278,0,-2.548926,118.0148634,34.47,Jason-1
2005,8541,0,-2.548926,118.0148634,37.87,Jason-1
2005,8809,0,-2.548926,118.0148634,51.37,Jason-1
2005,9081,0,-2.548926,118.0148634,70.27,Jason-1
2005,9356,0,-2.548926,118.0148634,62.37,Jason-1
2005,963,0,-2.548926,118.0148634,69.67,Jason-1
2005,99,0,-2.548926,118.0148634,86.17,Jason-1
2006,17,0,-2.548926,118.0148634,93.77,Jason-1
2006,447,0,-2.548926,118.0148634,102.77,Jason-1
2006,716,0,-2.548926,118.0148634,131.17,Jason-1
2006,989,0,-2.548926,118.0148634,113.67,Jason-1
2006,1265,0,-2.548926,118.0148634,95.37,Jason-1
2006,1533,0,-2.548926,118.0148634,83.07,Jason-1
2006,1803,0,-2.548926,118.0148634,91.87,Jason-1
2006,2072,0,-2.548926,118.0148634,101.37,Jason-1
2006,2342,0,-2.548926,118.0148634,119.27,Jason-1
2006,2612,0,-2.548926,118.0148634,140.57,Jason-1
2006,2891,0,-2.548926,118.0148634,123.07,Jason-1
2006,315,0,-2.548926,118.0148634,124.27,Jason-1
2006,3432,0,-2.548926,118.0148634,89.07,Jason-1
2006,37,0,-2.548926,118.0148634,58.17,Jason-1
2006,3964,0,-2.548926,118.0148634,48.87,Jason-1
2006,4248,0,-2.548926,118.0148634,25.07,Jason-1
2006,4518,0,-2.548926,118.0148634,-11.03,Jason-1
2006,4789,0,-2.548926,118.0148634,-10.23,Jason-1
2006,5062,0,-2.548926,118.0148634,-30.13,Jason-1
2006,5331,0,-2.548926,118.0148634,-50.53,Jason-1
2006,56,0,-2.548926,118.0148634,-55.23,Jason-1
2006,5875,0,-2.548926,118.0148634,-59.33,Jason-1
2006,6144,0,-2.548926,118.0148634,-75.73,Jason-1
2006,6414,0,-2.548926,118.0148634,-75.23,Jason-1
2006,669,0,-2.548926,118.0148634,-79.33,Jason-1
2006,6963,0,-2.548926,118.0148634,-83.23,Jason-1
2006,7233,0,-2.548926,118.0148634,-81.03,Jason-1
2006,7503,0,-2.548926,118.0148634,-68.43,Jason-1
2006,7773,0,-2.548926,118.0148634,-58.13,Jason-1
2006,8048,0,-2.548926,118.0148634,-51.53,Jason-1
2006,8242,0,-2.548926,118.0148634,-46.43,Jason-1
2006,8888,0,-2.548926,118.0148634,-31.03,Jason-1
2006,9126,0,-2.548926,118.0148634,-37.73,Jason-1
2006,9403,0,-2.548926,118.0148634,-27.63,Jason-1
2006,9677,0,-2.548926,118.0148634,-22.13,Jason-1
2006,9947,0,-2.548926,118.0148634,-11.63,Jason-1
2007,217,0,-2.548926,118.0148634,21.27,Jason-1
2007,487,0,-2.548926,118.0148634,24.97,Jason-1
2007,761,0,-2.548926,118.0148634,44.77,Jason-1
2007,1029,0,-2.548926,118.0148634,49.27,Jason-1
2007,1298,0,-2.548926,118.0148634,27.37,Jason-1
2007,1577,0,-2.548926,118.0148634,31.77,Jason-1
2007,1847,0,-2.548926,118.0148634,43.87,Jason-1
2007,2116,0,-2.548926,118.0148634,44.57,Jason-1
2007,239,0,-2.548926,118.0148634,50.57,Jason-1
2007,2653,0,-2.548926,118.0148634,56.67,Jason-1
2007,2931,0,-2.548926,118.0148634,52.47,Jason-1
2007,3202,0,-2.548926,118.0148634,44.87,Jason-1
2007,3477,0,-2.548926,118.0148634,35.57,Jason-1
2007,3746,0,-2.548926,118.0148634,37.67,Jason-1
2007,4019,0,-2.548926,118.0148634,26.87,Jason-1
2007,4294,0,-2.548926,118.0148634,-7.23,Jason-1
2007,456,0,-2.548926,118.0148634,-10.83,Jason-1
2007,4836,0,-2.548926,118.0148634,-19.23,Jason-1
2007,5109,0,-2.548926,118.0148634,-62.43,Jason-1
2007,5373,0,-2.548926,118.0148634,-79.43,Jason-1
2007,5646,0,-2.548926,118.0148634,-59.23,Jason-1
2007,5919,0,-2.548926,118.0148634,-42.03,Jason-1
2007,619,0,-2.548926,118.0148634,-45.43,Jason-1
2007,6464,0,-2.548926,118.0148634,-46.23,Jason-1
2007,6734,0,-2.548926,118.0148634,-49.53,Jason-1
2007,7007,0,-2.548926,118.0148634,-45.63,Jason-1
2007,7279,0,-2.548926,118.0148634,-15.73,Jason-1
2007,7547,0,-2.548926,118.0148634,-10.03,Jason-1
2007,7827,0,-2.548926,118.0148634,-2.63,Jason-1
2007,8085,0,-2.548926,118.0148634,12.27,Jason-1
2007,836,0,-2.548926,118.0148634,47.77,Jason-1
2007,863,0,-2.548926,118.0148634,74.77,Jason-1
2007,8904,0,-2.548926,118.0148634,100.67,Jason-1
2007,9173,0,-2.548926,118.0148634,99.77,Jason-1
2007,9446,0,-2.548926,118.0148634,89.27,Jason-1
2007,9721,0,-2.548926,118.0148634,100.27,Jason-1
2007,9991,0,-2.548926,118.0148634,178.37,Jason-1
2008,26,0,-2.548926,118.0148634,180.37,Jason-1
2008,533,0,-2.548926,118.0148634,124.17,Jason-1
2008,812,0,-2.548926,118.0148634,116.27,Jason-1
2008,1076,0,-2.548926,118.0148634,160.87,Jason-1
2008,1348,0,-2.548926,118.0148634,181.17,Jason-1
2008,1614,0,-2.548926,118.0148634,181.57,Jason-1
2008,1889,0,-2.548926,118.0148634,167.97,Jason-1
2008,2166,0,-2.548926,118.0148634,169.37,Jason-1
2008,2432,0,-2.548926,118.0148634,175.77,Jason-1
2008,2709,0,-2.548926,118.0148634,144.97,Jason-1
2008,2973,0,-2.548926,118.0148634,118.37,Jason-1
2008,3246,0,-2.548926,118.0148634,111.97,Jason-1
2008,3456,0,-2.548926,118.0148634,115.87,Jason-1
2008,3791,0,-2.548926,118.0148634,104.17,Jason-1
2008,4066,0,-2.548926,118.0148634,55.07,Jason-1
2008,4336,0,-2.548926,118.0148634,45.17,Jason-1
2008,4608,0,-2.548926,118.0148634,22.07,Jason-1
2008,4876,0,-2.548926,118.0148634,-11.03,Jason-1
2008,5147,0,-2.548926,118.0148634,-8.13,Jason-1
2008,5422,0,-2.548926,118.0148634,1.27,Jason-1
2008,5428,0,-2.548926,118.0148634,1.08,Jason-2
2008,5693,0,-2.548926,118.0148634,15.57,Jason-1
2008,5699,0,-2.548926,118.0148634,0.68,Jason-2
2008,5915,0,-2.548926,118.0148634,0.27,Jason-1
2008,5965,0,-2.548926,118.0148634,-9.62,Jason-2
2008,6238,0,-2.548926,118.0148634,-45.42,Jason-2
2008,6501,0,-2.548926,118.0148634,-11.32,Jason-2
2008,6507,0,-2.548926,118.0148634,-10.83,Jason-1
2008,678,0,-2.548926,118.0148634,18.97,Jason-1
2008,6781,0,-2.548926,118.0148634,21.08,Jason-2
2008,7051,0,-2.548926,118.0148634,31.47,Jason-1
2008,7052,0,-2.548926,118.0148634,35.88,Jason-2
2008,7322,0,-2.548926,118.0148634,39.47,Jason-1
2008,7324,0,-2.548926,118.0148634,37.48,Jason-2
2008,7593,0,-2.548926,118.0148634,43.68,Jason-2
2008,7596,0,-2.548926,118.0148634,37.97,Jason-1
2008,7861,0,-2.548926,118.0148634,38.27,Jason-1
2008,7863,0,-2.548926,118.0148634,47.08,Jason-2
2008,8137,0,-2.548926,118.0148634,60.68,Jason-2
2008,8138,0,-2.548926,118.0148634,57.57,Jason-1
2008,8405,0,-2.548926,118.0148634,67.47,Jason-1
2008,8406,0,-2.548926,118.0148634,76.18,Jason-2
2008,8674,0,-2.548926,118.0148634,92.17,Jason-1
2008,8675,0,-2.548926,118.0148634,98.28,Jason-2
2008,8952,0,-2.548926,118.0148634,118.67,Jason-1
2008,8953,0,-2.548926,118.0148634,125.38,Jason-2
2008,9214,0,-2.548926,118.0148634,147.17,Jason-1
2008,9217,0,-2.548926,118.0148634,162.58,Jason-2
2008,9495,0,-2.548926,118.0148634,152.97,Jason-1
2008,9762,0,-2.548926,118.0148634,152.67,Jason-1
2008,9767,0,-2.548926,118.0148634,161.28,Jason-2
2009,35,0,-2.548926,118.0148634,166.67,Jason-1
2009,37,0,-2.548926,118.0148634,178.98,Jason-2
2009,311,0,-2.548926,118.0148634,180.17,Jason-1
2009,319,0,-2.548926,118.0148634,179.88,Jason-2
2009,576,0,-2.548926,118.0148634,144.67,Jason-1
2009,58,0,-2.548926,118.0148634,145.68,Jason-2
2009,854,0,-2.548926,118.0148634,147.68,Jason-2
2009,1122,0,-2.548926,118.0148634,139.18,Jason-2
2009,1256,0,-2.548926,118.0148634,161.27,Jason-1
2009,1399,0,-2.548926,118.0148634,136.88,Jason-2
2009,152,0,-2.548926,118.0148634,132.97,Jason-1
2009,1668,0,-2.548926,118.0148634,139.88,Jason-2
2009,1787,0,-2.548926,118.0148634,149.27,Jason-1
2009,1936,0,-2.548926,118.0148634,144.18,Jason-2
2009,2066,0,-2.548926,118.0148634,132.67,Jason-1
2009,2207,0,-2.548926,118.0148634,139.58,Jason-2
2009,2335,0,-2.548926,118.0148634,139.87,Jason-1
2009,2487,0,-2.548926,118.0148634,125.28,Jason-2
2009,2613,0,-2.548926,118.0148634,121.67,Jason-1
2009,2751,0,-2.548926,118.0148634,114.48,Jason-2
2009,2884,0,-2.548926,118.0148634,115.37,Jason-1
2009,3024,0,-2.548926,118.0148634,128.78,Jason-2
2009,3149,0,-2.548926,118.0148634,123.57,Jason-1
2009,3296,0,-2.548926,118.0148634,110.98,Jason-2
2009,3424,0,-2.548926,118.0148634,104.67,Jason-1
2009,3569,0,-2.548926,118.0148634,88.58,Jason-2
2009,3698,0,-2.548926,118.0148634,86.17,Jason-1
2009,3835,0,-2.548926,118.0148634,107.28,Jason-2
2009,3965,0,-2.548926,118.0148634,84.97,Jason-1
2009,4112,0,-2.548926,118.0148634,67.18,Jason-2
2009,4241,0,-2.548926,118.0148634,70.87,Jason-1
2009,4382,0,-2.548926,118.0148634,53.98,Jason-2
2009,4513,0,-2.548926,118.0148634,54.67,Jason-1
2009,4653,0,-2.548926,118.0148634,51.38,Jason-2
2009,4782,0,-2.548926,118.0148634,64.57,Jason-1
2009,4924,0,-2.548926,118.0148634,35.48,Jason-2
2009,5059,0,-2.548926,118.0148634,42.67,Jason-1
2009,5197,0,-2.548926,118.0148634,6.88,Jason-2
2009,5327,0,-2.548926,118.0148634,4.67,Jason-1
2009,5469,0,-2.548926,118.0148634,-25.72,Jason-2
2009,5599,0,-2.548926,118.0148634,-20.03,Jason-1
2009,5742,0,-2.548926,118.0148634,-35.32,Jason-2
2009,5869,0,-2.548926,118.0148634,-24.63,Jason-1
2009,601,0,-2.548926,118.0148634,-43.92,Jason-2
2009,6137,0,-2.548926,118.0148634,-19.33,Jason-1
2009,6283,0,-2.548926,118.0148634,-34.52,Jason-2
2009,6414,0,-2.548926,118.0148634,-19.73,Jason-1
2009,6554,0,-2.548926,118.0148634,-20.52,Jason-2
2009,6686,0,-2.548926,118.0148634,-13.73,Jason-1
2009,6827,0,-2.548926,118.0148634,-12.92,Jason-2
2009,6939,0,-2.548926,118.0148634,2.87,Jason-1
2009,7095,0,-2.548926,118.0148634,-7.22,Jason-2
2009,736,0,-2.548926,118.0148634,-5.83,Jason-1
2009,7369,0,-2.548926,118.0148634,-0.72,Jason-2
2009,7499,0,-2.548926,118.0148634,19.97,Jason-1
2009,7641,0,-2.548926,118.0148634,6.88,Jason-2
2009,7767,0,-2.548926,118.0148634,9.07,Jason-1
2009,7911,0,-2.548926,118.0148634,5.48,Jason-2
2009,8042,0,-2.548926,118.0148634,4.97,Jason-1
2009,8186,0,-2.548926,118.0148634,0.58,Jason-2
2009,8312,0,-2.548926,118.0148634,3.67,Jason-1
2009,8454,0,-2.548926,118.0148634,-4.42,Jason-2
2009,8578,0,-2.548926,118.0148634,4.27,Jason-1
2009,8722,0,-2.548926,118.0148634,18.08,Jason-2
2009,8858,0,-2.548926,118.0148634,17.87,Jason-1
2009,8993,0,-2.548926,118.0148634,42.18,Jason-2
2009,9125,0,-2.548926,118.0148634,47.37,Jason-1
2009,9263,0,-2.548926,118.0148634,49.88,Jason-2
2009,9401,0,-2.548926,118.0148634,49.47,Jason-1
2009,9539,0,-2.548926,118.0148634,53.28,Jason-2
2009,9669,0,-2.548926,118.0148634,50.77,Jason-1
2009,9808,0,-2.548926,118.0148634,63.28,Jason-2
2009,9945,0,-2.548926,118.0148634,61.27,Jason-1
2010,79,0,-2.548926,118.0148634,67.48,Jason-2
2010,213,0,-2.548926,118.0148634,67.67,Jason-1
2010,355,0,-2.548926,118.0148634,76.08,Jason-2
2010,486,0,-2.548926,118.0148634,71.37,Jason-1
2010,625,0,-2.548926,118.0148634,66.78,Jason-2
2010,755,0,-2.548926,118.0148634,70.17,Jason-1
2010,899,0,-2.548926,118.0148634,68.88,Jason-2
2010,1026,0,-2.548926,118.0148634,58.77,Jason-1
2010,1169,0,-2.548926,118.0148634,46.08,Jason-2
2010,1296,0,-2.548926,118.0148634,31.77,Jason-1
2010,144,0,-2.548926,118.0148634,64.08,Jason-2
2010,157,0,-2.548926,118.0148634,55.07,Jason-1
2010,1711,0,-2.548926,118.0148634,76.08,Jason-2
2010,1838,0,-2.548926,118.0148634,41.57,Jason-1
2010,1985,0,-2.548926,118.0148634,44.48,Jason-2
2010,2111,0,-2.548926,118.0148634,36.47,Jason-1
2010,2254,0,-2.548926,118.0148634,57.68,Jason-2
2010,2391,0,-2.548926,118.0148634,44.97,Jason-1
2010,2527,0,-2.548926,118.0148634,81.78,Jason-2
2010,2654,0,-2.548926,118.0148634,58.47,Jason-1
2010,2798,0,-2.548926,118.0148634,60.58,Jason-2
2010,2931,0,-2.548926,118.0148634,63.67,Jason-1
2010,3073,0,-2.548926,118.0148634,68.18,Jason-2
2010,3197,0,-2.548926,118.0148634,59.97,Jason-1
2010,334,0,-2.548926,118.0148634,36.68,Jason-2
2010,347,0,-2.548926,118.0148634,42.07,Jason-1
2010,3612,0,-2.548926,118.0148634,41.68,Jason-2
2010,3738,0,-2.548926,118.0148634,55.87,Jason-1
2010,388,0,-2.548926,118.0148634,69.38,Jason-2
2010,4017,0,-2.548926,118.0148634,62.57,Jason-1
2010,4154,0,-2.548926,118.0148634,58.68,Jason-2
2010,4269,0,-2.548926,118.0148634,44.17,Jason-1
2010,4425,0,-2.548926,118.0148634,24.18,Jason-2
2010,4557,0,-2.548926,118.0148634,32.47,Jason-1
2010,4699,0,-2.548926,118.0148634,16.18,Jason-2
2010,4828,0,-2.548926,118.0148634,44.67,Jason-1
2010,4971,0,-2.548926,118.0148634,36.98,Jason-2
2010,5096,0,-2.548926,118.0148634,65.47,Jason-1
2010,5245,0,-2.548926,118.0148634,48.58,Jason-2
2010,5372,0,-2.548926,118.0148634,63.37,Jason-1
2010,551,0,-2.548926,118.0148634,43.38,Jason-2
2010,5633,0,-2.548926,118.0148634,41.47,Jason-1
2010,5783,0,-2.548926,118.0148634,42.58,Jason-2
2010,5915,0,-2.548926,118.0148634,41.57,Jason-1
2010,6057,0,-2.548926,118.0148634,33.98,Jason-2
2010,6182,0,-2.548926,118.0148634,73.97,Jason-1
2010,6322,0,-2.548926,118.0148634,62.58,Jason-2
2010,6456,0,-2.548926,118.0148634,80.17,Jason-1
2010,6599,0,-2.548926,118.0148634,74.28,Jason-2
2010,6727,0,-2.548926,118.0148634,87.37,Jason-1
2010,6869,0,-2.548926,118.0148634,87.68,Jason-2
2010,6999,0,-2.548926,118.0148634,83.37,Jason-1
2010,7139,0,-2.548926,118.0148634,86.88,Jason-2
2010,7263,0,-2.548926,118.0148634,91.67,Jason-1
2010,741,0,-2.548926,118.0148634,107.18,Jason-2
2010,7542,0,-2.548926,118.0148634,106.67,Jason-1
2010,7682,0,-2.548926,118.0148634,134.38,Jason-2
2010,7809,0,-2.548926,118.0148634,136.47,Jason-1
2010,7959,0,-2.548926,118.0148634,143.08,Jason-2
2010,8077,0,-2.548926,118.0148634,144.97,Jason-1
2010,8227,0,-2.548926,118.0148634,158.98,Jason-2
2010,8363,0,-2.548926,118.0148634,175.37,Jason-1
2010,8497,0,-2.548926,118.0148634,192.48,Jason-2
2010,8629,0,-2.548926,118.0148634,178.17,Jason-1
2010,8766,0,-2.548926,118.0148634,195.58,Jason-2
2010,8896,0,-2.548926,118.0148634,176.87,Jason-1
2010,9044,0,-2.548926,118.0148634,191.18,Jason-2
2010,9172,0,-2.548926,118.0148634,183.77,Jason-1
2010,9314,0,-2.548926,118.0148634,190.88,Jason-2
2010,9441,0,-2.548926,118.0148634,198.17,Jason-1
2010,959,0,-2.548926,118.0148634,199.88,Jason-2
2010,9711,0,-2.548926,118.0148634,216.87,Jason-1
2010,9857,0,-2.548926,118.0148634,219.38,Jason-2
2010,9989,0,-2.548926,118.0148634,225.07,Jason-1
2011,126,0,-2.548926,118.0148634,216.38,Jason-2
2011,26,0,-2.548926,118.0148634,223.37,Jason-1
2011,401,0,-2.548926,118.0148634,229.08,Jason-2
2011,529,0,-2.548926,118.0148634,225.57,Jason-1
2011,669,0,-2.548926,118.0148634,239.68,Jason-2
2011,802,0,-2.548926,118.0148634,212.77,Jason-1
2011,943,0,-2.548926,118.0148634,190.98,Jason-2
2011,1073,0,-2.548926,118.0148634,197.87,Jason-1
2011,1219,0,-2.548926,118.0148634,188.18,Jason-2
2011,1343,0,-2.548926,118.0148634,190.57,Jason-1
2011,1486,0,-2.548926,118.0148634,200.98,Jason-2
2011,1615,0,-2.548926,118.0148634,195.37,Jason-1
2011,1755,0,-2.548926,118.0148634,205.58,Jason-2
2011,1884,0,-2.548926,118.0148634,188.37,Jason-1
2011,2028,0,-2.548926,118.0148634,184.88,Jason-2
2011,2156,0,-2.548926,118.0148634,168.37,Jason-1
2011,2302,0,-2.548926,118.0148634,194.98,Jason-2
2011,2429,0,-2.548926,118.0148634,177.97,Jason-1
2011,2569,0,-2.548926,118.0148634,196.78,Jason-2
2011,2692,0,-2.548926,118.0148634,179.27,Jason-1
2011,2841,0,-2.548926,118.0148634,163.88,Jason-2
2011,2977,0,-2.548926,118.0148634,145.57,Jason-1
2011,3113,0,-2.548926,118.0148634,133.68,Jason-2
2011,3248,0,-2.548926,118.0148634,132.47,Jason-1
2011,3387,0,-2.548926,118.0148634,122.28,Jason-2
2011,3517,0,-2.548926,118.0148634,109.37,Jason-1
2011,3658,0,-2.548926,118.0148634,87.78,Jason-2
2011,3785,0,-2.548926,118.0148634,88.07,Jason-1
2011,3931,0,-2.548926,118.0148634,73.58,Jason-2
2011,4059,0,-2.548926,118.0148634,68.37,Jason-1
2011,4193,0,-2.548926,118.0148634,54.48,Jason-2
2011,4327,0,-2.548926,118.0148634,56.27,Jason-1
2011,4472,0,-2.548926,118.0148634,24.38,Jason-2
2011,4601,0,-2.548926,118.0148634,14.87,Jason-1
2011,4741,0,-2.548926,118.0148634,-6.22,Jason-2
2011,487,0,-2.548926,118.0148634,5.47,Jason-1
2011,5013,0,-2.548926,118.0148634,-25.02,Jason-2
2011,5146,0,-2.548926,118.0148634,-12.13,Jason-1
2011,5283,0,-2.548926,118.0148634,-40.22,Jason-2
2011,5416,0,-2.548926,118.0148634,-19.43,Jason-1
2011,5557,0,-2.548926,118.0148634,-23.72,Jason-2
2011,5685,0,-2.548926,118.0148634,-21.73,Jason-1
2011,5829,0,-2.548926,118.0148634,-42.62,Jason-2
2011,5955,0,-2.548926,118.0148634,-21.13,Jason-1
2011,6099,0,-2.548926,118.0148634,-36.62,Jason-2
2011,6233,0,-2.548926,118.0148634,-27.83,Jason-1
2011,6374,0,-2.548926,118.0148634,-51.02,Jason-2
2011,65,0,-2.548926,118.0148634,-30.13,Jason-1
2011,6643,0,-2.548926,118.0148634,-33.22,Jason-2
2011,6777,0,-2.548926,118.0148634,-23.23,Jason-1
2011,6913,0,-2.548926,118.0148634,-33.42,Jason-2
2011,7046,0,-2.548926,118.0148634,-31.63,Jason-1
2011,7184,0,-2.548926,118.0148634,-24.02,Jason-2
2011,7312,0,-2.548926,118.0148634,-1.13,Jason-1
2011,7457,0,-2.548926,118.0148634,9.78,Jason-2
2011,7579,0,-2.548926,118.0148634,37.47,Jason-1
2011,773,0,-2.548926,118.0148634,53.48,Jason-2
2011,7864,0,-2.548926,118.0148634,46.97,Jason-1
2011,8001,0,-2.548926,118.0148634,40.78,Jason-2
2011,813,0,-2.548926,118.0148634,56.17,Jason-1
2011,8273,0,-2.548926,118.0148634,68.38,Jason-2
2011,8397,0,-2.548926,118.0148634,80.27,Jason-1
2011,8539,0,-2.548926,118.0148634,87.58,Jason-2
2011,8669,0,-2.548926,118.0148634,86.27,Jason-1
2011,8805,0,-2.548926,118.0148634,95.78,Jason-2
2011,8951,0,-2.548926,118.0148634,90.27,Jason-1
2011,9081,0,-2.548926,118.0148634,104.08,Jason-2
2011,9196,0,-2.548926,118.0148634,104.37,Jason-1
2011,9365,0,-2.548926,118.0148634,129.18,Jason-2
2011,9488,0,-2.548926,118.0148634,139.47,Jason-1
2011,9624,0,-2.548926,118.0148634,151.58,Jason-2
2011,9758,0,-2.548926,118.0148634,180.77,Jason-1
2011,9904,0,-2.548926,118.0148634,189.98,Jason-2
2012,27,0,-2.548926,118.0148634,184.17,Jason-1
2012,171,0,-2.548926,118.0148634,169.08,Jason-2
2012,304,0,-2.548926,118.0148634,152.37,Jason-1
2012,442,0,-2.548926,118.0148634,179.58,Jason-2
2012,577,0,-2.548926,118.0148634,173.67,Jason-1
2012,714,0,-2.548926,118.0148634,217.08,Jason-2
2012,825,0,-2.548926,118.0148634,215.77,Jason-1
2012,987,0,-2.548926,118.0148634,209.38,Jason-2
2012,1096,0,-2.548926,118.0148634,176.17,Jason-1
2012,1257,0,-2.548926,118.0148634,176.58,Jason-2
2012,1271,0,-2.548926,118.0148634,154.37,Jason-1
2012,1529,0,-2.548926,118.0148634,168.88,Jason-2
2012,1673,0,-2.548926,118.0148634,172.87,Jason-1
2012,1802,0,-2.548926,118.0148634,181.98,Jason-2
2012,2074,0,-2.548926,118.0148634,239.18,Jason-2
2012,2342,0,-2.548926,118.0148634,220.88,Jason-2
2012,2617,0,-2.548926,118.0148634,179.48,Jason-2
2012,2889,0,-2.548926,118.0148634,136.78,Jason-2
2012,3163,0,-2.548926,118.0148634,128.28,Jason-2
2012,3431,0,-2.548926,118.0148634,111.48,Jason-2
2012,3661,0,-2.548926,118.0148634,106.57,Jason-1
2012,3701,0,-2.548926,118.0148634,98.18,Jason-2
2012,395,0,-2.548926,118.0148634,74.57,Jason-1
2012,3968,0,-2.548926,118.0148634,60.58,Jason-2
2012,4242,0,-2.548926,118.0148634,58.47,Jason-1
2012,4244,0,-2.548926,118.0148634,50.58,Jason-2
2012,4519,0,-2.548926,118.0148634,55.08,Jason-2
2012,4538,0,-2.548926,118.0148634,60.57,Jason-1
2012,4754,0,-2.548926,118.0148634,23.17,Jason-1
2012,479,0,-2.548926,118.0148634,13.28,Jason-2
2012,4959,0,-2.548926,118.0148634,25.57,Jason-1
2012,5059,0,-2.548926,118.0148634,-14.42,Jason-2
2012,5256,0,-2.548926,118.0148634,7.97,Jason-1
2012,5334,0,-2.548926,118.0148634,17.78,Jason-2
2012,5545,0,-2.548926,118.0148634,-15.13,Jason-1
2012,56,0,-2.548926,118.0148634,-11.62,Jason-2
2012,5845,0,-2.548926,118.0148634,-21.43,Jason-1
2012,5875,0,-2.548926,118.0148634,-37.12,Jason-2
2012,6055,0,-2.548926,118.0148634,-23.13,Jason-1
2012,6146,0,-2.548926,118.0148634,-40.12,Jason-2
2012,6258,0,-2.548926,118.0148634,-23.63,Jason-1
2012,6417,0,-2.548926,118.0148634,-25.92,Jason-2
2012,6546,0,-2.548926,118.0148634,-6.73,Jason-1
2012,6689,0,-2.548926,118.0148634,0.38,Jason-2
2012,684,0,-2.548926,118.0148634,-8.63,Jason-1
2012,6959,0,-2.548926,118.0148634,-4.52,Jason-2
2012,7148,0,-2.548926,118.0148634,1.17,Jason-1
2012,723,0,-2.548926,118.0148634,7.08,Jason-2
2012,7352,0,-2.548926,118.0148634,5.77,Jason-1
2012,7501,0,-2.548926,118.0148634,24.98,Jason-2
2012,7565,0,-2.548926,118.0148634,20.37,Jason-1
2012,7774,0,-2.548926,118.0148634,28.38,Jason-2
2012,7852,0,-2.548926,118.0148634,27.17,Jason-1
2012,8046,0,-2.548926,118.0148634,33.78,Jason-2
2012,8146,0,-2.548926,118.0148634,32.67,Jason-1
2012,8316,0,-2.548926,118.0148634,43.78,Jason-2
2012,8358,0,-2.548926,118.0148634,57.47,Jason-1
2012,8574,0,-2.548926,118.0148634,56.67,Jason-1
2012,8588,0,-2.548926,118.0148634,44.18,Jason-2
2012,8862,0,-2.548926,118.0148634,64.67,Jason-1
2012,9128,0,-2.548926,118.0148634,71.08,Jason-2
2012,9146,0,-2.548926,118.0148634,60.77,Jason-1
2012,9408,0,-2.548926,118.0148634,92.78,Jason-2
2012,9466,0,-2.548926,118.0148634,92.67,Jason-1
2012,9662,0,-2.548926,118.0148634,97.27,Jason-1
2012,9671,0,-2.548926,118.0148634,119.38,Jason-2
2012,9877,0,-2.548926,118.0148634,101.97,Jason-1
2012,9947,0,-2.548926,118.0148634,114.88,Jason-2
2013,169,0,-2.548926,118.0148634,118.67,Jason-1
2013,22,0,-2.548926,118.0148634,126.58,Jason-2
2013,463,0,-2.548926,118.0148634,151.07,Jason-1
2013,492,0,-2.548926,118.0148634,177.48,Jason-2
2013,755,0,-2.548926,118.0148634,169.77,Jason-1
2013,76,0,-2.548926,118.0148634,165.78,Jason-2
2013,968,0,-2.548926,118.0148634,136.67,Jason-1
2013,1018,0,-2.548926,118.0148634,135.38,Jason-2
2013,1173,0,-2.548926,118.0148634,131.57,Jason-1
2013,1304,0,-2.548926,118.0148634,140.58,Jason-2
2013,1474,0,-2.548926,118.0148634,151.27,Jason-1
2013,1576,0,-2.548926,118.0148634,164.88,Jason-2
2013,184,0,-2.548926,118.0148634,173.98,Jason-2
2013,2117,0,-2.548926,118.0148634,158.08,Jason-2
2013,2187,0,-2.548926,118.0148634,133.87,Jason-1
2013,2268,0,-2.548926,118.0148634,158.67,Jason-1
2013,2486,0,-2.548926,118.0148634,140.27,Jason-1
2013,2761,0,-2.548926,118.0148634,138.17,Jason-1
2013,2934,0,-2.548926,118.0148634,150.98,Jason-2
2013,3064,0,-2.548926,118.0148634,131.87,Jason-1
2013,3205,0,-2.548926,118.0148634,133.88,Jason-2
2013,3273,0,-2.548926,118.0148634,123.57,Jason-1
2013,3469,0,-2.548926,118.0148634,119.08,Jason-2
2013,3477,0,-2.548926,118.0148634,112.17,Jason-1
2013,3746,0,-2.548926,118.0148634,142.88,Jason-2
2013,3772,0,-2.548926,118.0148634,148.27,Jason-1
2013,4026,0,-2.548926,118.0148634,134.28,Jason-2
2013,4073,0,-2.548926,118.0148634,139.57,Jason-1
2013,4295,0,-2.548926,118.0148634,118.08,Jason-2
2013,4362,0,-2.548926,118.0148634,106.57,Jason-1
2013,4563,0,-2.548926,118.0148634,108.48,Jason-2
2013,4576,0,-2.548926,118.0148634,94.07,Jason-1
2013,4833,0,-2.548926,118.0148634,95.88,Jason-2
2013,5107,0,-2.548926,118.0148634,47.58,Jason-2
2013,5374,0,-2.548926,118.0148634,55.48,Jason-2
2013,5647,0,-2.548926,118.0148634,30.98,Jason-2
2013,5919,0,-2.548926,118.0148634,21.78,Jason-2
2013,6191,0,-2.548926,118.0148634,21.38,Jason-2
2013,6461,0,-2.548926,118.0148634,13.48,Jason-2
2013,6694,0,-2.548926,118.0148634,-7.82,Jason-2
2013,7076,0,-2.548926,118.0148634,38.18,Jason-2
2013,7278,0,-2.548926,118.0148634,54.88,Jason-2
2013,7545,0,-2.548926,118.0148634,83.28,Jason-2
2013,7814,0,-2.548926,118.0148634,84.88,Jason-2
2013,8091,0,-2.548926,118.0148634,81.58,Jason-2
2013,836,0,-2.548926,118.0148634,86.48,Jason-2
2013,8634,0,-2.548926,118.0148634,73.98,Jason-2
2013,8905,0,-2.548926,118.0148634,79.88,Jason-2
2013,9172,0,-2.548926,118.0148634,91.78,Jason-2
2013,9453,0,-2.548926,118.0148634,111.98,Jason-2
2013,9719,0,-2.548926,118.0148634,127.78,Jason-2
2013,9994,0,-2.548926,118.0148634,138.98,Jason-2
2014,26,0,-2.548926,118.0148634,145.58,Jason-2
2014,533,0,-2.548926,118.0148634,146.68,Jason-2
2014,804,0,-2.548926,118.0148634,159.38,Jason-2
2014,1072,0,-2.548926,118.0148634,150.58,Jason-2
2014,1348,0,-2.548926,118.0148634,132.18,Jason-2
2014,162,0,-2.548926,118.0148634,107.18,Jason-2
2014,1891,0,-2.548926,118.0148634,100.18,Jason-2
2014,2159,0,-2.548926,118.0148634,72.98,Jason-2
2014,2437,0,-2.548926,118.0148634,54.28,Jason-2
2014,2707,0,-2.548926,118.0148634,83.88,Jason-2
2014,2977,0,-2.548926,118.0148634,62.08,Jason-2
2014,3256,0,-2.548926,118.0148634,70.18,Jason-2
2014,3519,0,-2.548926,118.0148634,34.88,Jason-2
2014,3798,0,-2.548926,118.0148634,32.78,Jason-2
2014,4063,0,-2.548926,118.0148634,19.88,Jason-2
2014,4334,0,-2.548926,118.0148634,2.28,Jason-2
2014,4609,0,-2.548926,118.0148634,-6.82,Jason-2
2014,4875,0,-2.548926,118.0148634,-14.92,Jason-2
2014,515,0,-2.548926,118.0148634,-22.02,Jason-2
2014,5421,0,-2.548926,118.0148634,-6.92,Jason-2
2014,5691,0,-2.548926,118.0148634,-27.02,Jason-2
2014,5964,0,-2.548926,118.0148634,-51.32,Jason-2
2014,6231,0,-2.548926,118.0148634,-55.62,Jason-2
2014,6507,0,-2.548926,118.0148634,-58.82,Jason-2
2014,6776,0,-2.548926,118.0148634,-46.82,Jason-2
2014,7049,0,-2.548926,118.0148634,-41.32,Jason-2
2014,7317,0,-2.548926,118.0148634,-39.42,Jason-2
2014,7593,0,-2.548926,118.0148634,-43.82,Jason-2
2014,7865,0,-2.548926,118.0148634,-3.72,Jason-2
2014,8137,0,-2.548926,118.0148634,-18.92,Jason-2
2014,8404,0,-2.548926,118.0148634,1.68,Jason-2
2014,8677,0,-2.548926,118.0148634,27.58,Jason-2
2014,8948,0,-2.548926,118.0148634,25.98,Jason-2
2014,9225,0,-2.548926,118.0148634,51.28,Jason-2
2014,9492,0,-2.548926,118.0148634,89.68,Jason-2
2014,9771,0,-2.548926,118.0148634,94.18,Jason-2
2015,32,0,-2.548926,118.0148634,112.08,Jason-2
2015,307,0,-2.548926,118.0148634,120.18,Jason-2
2015,581,0,-2.548926,118.0148634,133.68,Jason-2
2015,852,0,-2.548926,118.0148634,115.98,Jason-2
2015,1122,0,-2.548926,118.0148634,94.98,Jason-2
2015,1393,0,-2.548926,118.0148634,96.68,Jason-2
2015,1664,0,-2.548926,118.0148634,92.48,Jason-2
2015,1938,0,-2.548926,118.0148634,88.68,Jason-2
2015,2217,0,-2.548926,118.0148634,67.58,Jason-2
2015,2475,0,-2.548926,118.0148634,46.38,Jason-2
2015,2751,0,-2.548926,118.0148634,49.68,Jason-2
2015,3021,0,-2.548926,118.0148634,43.68,Jason-2
2015,3293,0,-2.548926,118.0148634,15.28,Jason-2
2015,3564,0,-2.548926,118.0148634,-21.12,Jason-2
2015,3836,0,-2.548926,118.0148634,-31.62,Jason-2
2015,4108,0,-2.548926,118.0148634,-36.52,Jason-2
2015,4377,0,-2.548926,118.0148634,-56.52,Jason-2
2015,4649,0,-2.548926,118.0148634,-67.52,Jason-2
2015,4923,0,-2.548926,118.0148634,-87.92,Jason-2
2015,5196,0,-2.548926,118.0148634,-107.22,Jason-2
2015,5462,0,-2.548926,118.0148634,-119.72,Jason-2
2015,5736,0,-2.548926,118.0148634,-127.72,Jason-2
2015,6008,0,-2.548926,118.0148634,-130.62,Jason-2
2015,628,0,-2.548926,118.0148634,-120.62,Jason-2
2015,6551,0,-2.548926,118.0148634,-108.02,Jason-2
2015,6824,0,-2.548926,118.0148634,-126.52,Jason-2
2015,7093,0,-2.548926,118.0148634,-121.32,Jason-2
2015,7365,0,-2.548926,118.0148634,-110.72,Jason-2
2015,7633,0,-2.548926,118.0148634,-101.12,Jason-2
2015,7912,0,-2.548926,118.0148634,-99.32,Jason-2
2015,8179,0,-2.548926,118.0148634,-81.62,Jason-2
2015,845,0,-2.548926,118.0148634,-49.02,Jason-2
2015,8731,0,-2.548926,118.0148634,-46.82,Jason-2
2015,8986,0,-2.548926,118.0148634,-41.62,Jason-2
2015,9263,0,-2.548926,118.0148634,-33.52,Jason-2
2015,9542,0,-2.548926,118.0148634,-15.42,Jason-2
2015,9811,0,-2.548926,118.0148634,39.78,Jason-2
2016,79,0,-2.548926,118.0148634,21.18,Jason-2
2016,351,0,-2.548926,118.0148634,-19.32,Jason-2
2016,629,0,-2.548926,118.0148634,8.68,Jason-2
2016,896,0,-2.548926,118.0148634,19.28,Jason-2
2016,1173,0,-2.548926,118.0148634,27.28,Jason-2
2016,1234,0,-2.548926,118.0148634,35.41,Jason-3
2016,1436,0,-2.548926,118.0148634,24.21,Jason-3
2016,1438,0,-2.548926,118.0148634,34.08,Jason-2
2016,1706,0,-2.548926,118.0148634,6.41,Jason-3
2016,1711,0,-2.548926,118.0148634,16.68,Jason-2
2016,1957,0,-2.548926,118.0148634,27.81,Jason-3
2016,1982,0,-2.548926,118.0148634,34.98,Jason-2
2016,2247,0,-2.548926,118.0148634,27.81,Jason-3
2016,2251,0,-2.548926,118.0148634,34.28,Jason-2
2016,2513,0,-2.548926,118.0148634,23.78,Jason-2
2016,252,0,-2.548926,118.0148634,15.01,Jason-3
2016,2786,0,-2.548926,118.0148634,3.61,Jason-3
2016,2789,0,-2.548926,118.0148634,13.28,Jason-2
2016,3061,0,-2.548926,118.0148634,-13.19,Jason-3
2016,3064,0,-2.548926,118.0148634,-6.82,Jason-2
2016,3336,0,-2.548926,118.0148634,-20.99,Jason-3
2016,334,0,-2.548926,118.0148634,-8.02,Jason-2
2016,3609,0,-2.548926,118.0148634,4.31,Jason-3
2016,3612,0,-2.548926,118.0148634,10.08,Jason-2
2016,3877,0,-2.548926,118.0148634,21.31,Jason-3
2016,388,0,-2.548926,118.0148634,24.68,Jason-2
2016,415,0,-2.548926,118.0148634,53.08,Jason-2
2016,4422,0,-2.548926,118.0148634,50.31,Jason-3
2016,4425,0,-2.548926,118.0148634,50.28,Jason-2
2016,4699,0,-2.548926,118.0148634,51.61,Jason-3
2016,4701,0,-2.548926,118.0148634,51.78,Jason-2
2016,4968,0,-2.548926,118.0148634,39.61,Jason-3
2016,4969,0,-2.548926,118.0148634,32.58,Jason-2
2016,5234,0,-2.548926,118.0148634,8.11,Jason-3
2016,5235,0,-2.548926,118.0148634,3.08,Jason-2
2016,5511,0,-2.548926,118.0148634,-3.39,Jason-3
2016,5513,0,-2.548926,118.0148634,-11.02,Jason-2
2016,5778,0,-2.548926,118.0148634,-14.09,Jason-3
2016,5783,0,-2.548926,118.0148634,-26.52,Jason-2
2016,6051,0,-2.548926,118.0148634,-15.69,Jason-3
2016,6053,0,-2.548926,118.0148634,-23.82,Jason-2
2016,632,0,-2.548926,118.0148634,-8.29,Jason-3
2016,6323,0,-2.548926,118.0148634,-16.52,Jason-2
2016,659,0,-2.548926,118.0148634,2.81,Jason-3
2016,6593,0,-2.548926,118.0148634,-2.82,Jason-2
2016,6861,0,-2.548926,118.0148634,22.31,Jason-3
2016,6866,0,-2.548926,118.0148634,20.28,Jason-2
2016,7127,0,-2.548926,118.0148634,35.11,Jason-3
2016,7136,0,-2.548926,118.0148634,30.28,Jason-2
2016,7406,0,-2.548926,118.0148634,61.08,Jason-2
2016,768,0,-2.548926,118.0148634,68.31,Jason-3
2016,7898,0,-2.548926,118.0148634,56.48,Jason-2
2016,7948,0,-2.548926,118.0148634,65.41,Jason-3
2016,8076,0,-2.548926,118.0148634,83.58,Jason-2
2016,8227,0,-2.548926,118.0148634,82.71,Jason-3
2016,8348,0,-2.548926,118.0148634,105.78,Jason-2
2016,8492,0,-2.548926,118.0148634,112.11,Jason-3
2016,8625,0,-2.548926,118.0148634,113.88,Jason-2
2016,8769,0,-2.548926,118.0148634,113.51,Jason-3
2016,8896,0,-2.548926,118.0148634,110.48,Jason-2
2016,9038,0,-2.548926,118.0148634,112.81,Jason-3
2016,9164,0,-2.548926,118.0148634,108.98,Jason-2
2016,9288,0,-2.548926,118.0148634,102.51,Jason-3
2016,9437,0,-2.548926,118.0148634,119.68,Jason-2
2016,9581,0,-2.548926,118.0148634,129.31,Jason-3
2016,9704,0,-2.548926,118.0148634,152.58,Jason-2
2016,9851,0,-2.548926,118.0148634,163.41,Jason-3
2016,9976,0,-2.548926,118.0148634,148.28,Jason-2
2017,122,0,-2.548926,118.0148634,150.41,Jason-3
2017,247,0,-2.548926,118.0148634,131.38,Jason-2
2017,39,0,-2.548926,118.0148634,124.51,Jason-3
2017,52,0,-2.548926,118.0148634,135.28,Jason-2
2017,667,0,-2.548926,118.0148634,111.51,Jason-3
2017,793,0,-2.548926,118.0148634,118.28,Jason-2
2017,935,0,-2.548926,118.0148634,112.71,Jason-3
2017,1063,0,-2.548926,118.0148634,127.48,Jason-2
2017,1209,0,-2.548926,118.0148634,125.41,Jason-3
2017,1334,0,-2.548926,118.0148634,134.68,Jason-2
2017,148,0,-2.548926,118.0148634,105.01,Jason-3
2017,1611,0,-2.548926,118.0148634,100.18,Jason-2
2017,1752,0,-2.548926,118.0148634,93.01,Jason-3
2017,1879,0,-2.548926,118.0148634,89.68,Jason-2
2017,2028,0,-2.548926,118.0148634,95.41,Jason-3
2017,2038,0,-2.548926,118.0148634,19.88,Jason-2
2017,2292,0,-2.548926,118.0148634,102.31,Jason-3
2017,25,0,-2.548926,118.0148634,113.48,Jason-2
2017,2564,0,-2.548926,118.0148634,91.51,Jason-3
2017,2694,0,-2.548926,118.0148634,108.78,Jason-2
2017,2835,0,-2.548926,118.0148634,92.41,Jason-3
2017,2957,0,-2.548926,118.0148634,105.78,Jason-2
2017,311,0,-2.548926,118.0148634,88.11,Jason-3
2017,3233,0,-2.548926,118.0148634,93.98,Jason-2
2017,3384,0,-2.548926,118.0148634,82.21,Jason-3
2017,352,0,-2.548926,118.0148634,51.68,Jason-2
2017,365,0,-2.548926,118.0148634,50.01,Jason-3
2017,3711,0,-2.548926,118.0148634,41.28,Jason-2
2017,3927,0,-2.548926,118.0148634,47.11,Jason-3
2017,4199,0,-2.548926,118.0148634,38.21,Jason-3
2017,4469,0,-2.548926,118.0148634,24.21,Jason-3
2017,4736,0,-2.548926,118.0148634,14.31,Jason-3
2017,5012,0,-2.548926,118.0148634,21.01,Jason-3
2017,5279,0,-2.548926,118.0148634,16.41,Jason-3
2017,5557,0,-2.548926,118.0148634,-0.69,Jason-3
2017,5825,0,-2.548926,118.0148634,-3.39,Jason-3
2017,6096,0,-2.548926,118.0148634,-5.69,Jason-3
2017,637,0,-2.548926,118.0148634,-14.89,Jason-3
2017,6639,0,-2.548926,118.0148634,-10.59,Jason-3
2017,6908,0,-2.548926,118.0148634,-8.49,Jason-3
2017,7177,0,-2.548926,118.0148634,5.61,Jason-3
2017,7453,0,-2.548926,118.0148634,53.21,Jason-3
2017,7728,0,-2.548926,118.0148634,63.61,Jason-3
2017,7999,0,-2.548926,118.0148634,88.41,Jason-3
2017,8265,0,-2.548926,118.0148634,110.11,Jason-3
2017,8534,0,-2.548926,118.0148634,108.71,Jason-3
2017,8813,0,-2.548926,118.0148634,114.31,Jason-3
2017,9084,0,-2.548926,118.0148634,119.41,Jason-3
2017,935,0,-2.548926,118.0148634,138.61,Jason-3
2017,9623,0,-2.548926,118.0148634,143.81,Jason-3
2017,9896,0,-2.548926,118.0148634,142.21,Jason-3
2018,17,0,-2.548926,118.0148634,131.61,Jason-3
2018,437,0,-2.548926,118.0148634,150.11,Jason-3
2018,711,0,-2.548926,118.0148634,157.31,Jason-3
2018,979,0,-2.548926,118.0148634,140.41,Jason-3
2018,1254,0,-2.548926,118.0148634,124.31,Jason-3
2018,1523,0,-2.548926,118.0148634,126.31,Jason-3
2018,1799,0,-2.548926,118.0148634,120.81,Jason-3
2018,2068,0,-2.548926,118.0148634,122.01,Jason-3
2018,2339,0,-2.548926,118.0148634,113.41,Jason-3
2018,2605,0,-2.548926,118.0148634,111.81,Jason-3
2018,2881,0,-2.548926,118.0148634,78.41,Jason-3
2018,3157,0,-2.548926,118.0148634,64.81,Jason-3
2018,3421,0,-2.548926,118.0148634,61.31,Jason-3
2018,37,0,-2.548926,118.0148634,41.21,Jason-3
2018,3968,0,-2.548926,118.0148634,36.31,Jason-3
2018,4242,0,-2.548926,118.0148634,34.21,Jason-3
2018,4511,0,-2.548926,118.0148634,40.81,Jason-3
2018,4783,0,-2.548926,118.0148634,12.21,Jason-3
2018,5056,0,-2.548926,118.0148634,8.71,Jason-3
2018,5326,0,-2.548926,118.0148634,11.91,Jason-3
2018,5596,0,-2.548926,118.0148634,10.51,Jason-3
2018,587,0,-2.548926,118.0148634,6.91,Jason-3
2018,6144,0,-2.548926,118.0148634,-8.19,Jason-3
2018,6411,0,-2.548926,118.0148634,-13.39,Jason-3
2018,6684,0,-2.548926,118.0148634,-8.29,Jason-3
2018,6955,0,-2.548926,118.0148634,-24.49,Jason-3
2018,7228,0,-2.548926,118.0148634,-26.59,Jason-3
2018,7496,0,-2.548926,118.0148634,-10.59,Jason-3
2018,7762,0,-2.548926,118.0148634,4.31,Jason-3
2018,8045,0,-2.548926,118.0148634,14.01,Jason-3
2018,831,0,-2.548926,118.0148634,19.81,Jason-3
2018,8586,0,-2.548926,118.0148634,26.61,Jason-3
2018,8854,0,-2.548926,118.0148634,59.01,Jason-3
2018,9122,0,-2.548926,118.0148634,65.61,Jason-3
2018,9401,0,-2.548926,118.0148634,69.41,Jason-3
2018,9668,0,-2.548926,118.0148634,85.51,Jason-3
2018,9941,0,-2.548926,118.0148634,81.71,Jason-3
2019,212,0,-2.548926,118.0148634,80.51,Jason-3
2019,483,0,-2.548926,118.0148634,69.81,Jason-3
2019,759,0,-2.548926,118.0148634,97.11,Jason-3
2019,1026,0,-2.548926,118.0148634,108.01,Jason-3
2019,1297,0,-2.548926,118.0148634,73.41,Jason-3
2019,1457,0,-2.548926,118.0148634,29.01,Jason-3
2019,1869,0,-2.548926,118.0148634,76.51,Jason-3
2019,211,0,-2.548926,118.0148634,83.41,Jason-3
2019,238,0,-2.548926,118.0148634,73.61,Jason-3
2019,2592,0,-2.548926,118.0148634,71.51,Jason-3
2019,2929,0,-2.548926,118.0148634,49.31,Jason-3
2019,3193,0,-2.548926,118.0148634,35.51,Jason-3
2019,3471,0,-2.548926,118.0148634,37.61,Jason-3
2019,3749,0,-2.548926,118.0148634,14.71,Jason-3
2019,4015,0,-2.548926,118.0148634,-8.69,Jason-3
2019,4283,0,-2.548926,118.0148634,-46.49,Jason-3
2019,4559,0,-2.548926,118.0148634,-26.39,Jason-3
2019,4826,0,-2.548926,118.0148634,-32.19,Jason-3
2019,5102,0,-2.548926,118.0148634,-38.69,Jason-3
2019,5371,0,-2.548926,118.0148634,-70.49,Jason-3
2019,5643,0,-2.548926,118.0148634,-73.89,Jason-3
2019,5914,0,-2.548926,118.0148634,-81.19,Jason-3
2019,6184,0,-2.548926,118.0148634,-85.09,Jason-3
2019,6456,0,-2.548926,118.0148634,-74.29,Jason-3
2019,6727,0,-2.548926,118.0148634,-83.39,Jason-3
2019,6997,0,-2.548926,118.0148634,-72.79,Jason-3
2019,7271,0,-2.548926,118.0148634,-71.89,Jason-3
2019,7543,0,-2.548926,118.0148634,-58.79,Jason-3
2019,7812,0,-2.548926,118.0148634,-41.59,Jason-3
2019,8083,0,-2.548926,118.0148634,-19.59,Jason-3
2019,8359,0,-2.548926,118.0148634,-10.99,Jason-3
2019,8628,0,-2.548926,118.0148634,25.21,Jason-3
2019,8904,0,-2.548926,118.0148634,23.81,Jason-3
2019,9168,0,-2.548926,118.0148634,23.31,Jason-3
2019,9445,0,-2.548926,118.0148634,28.71,Jason-3
2019,9715,0,-2.548926,118.0148634,22.71,Jason-3
2019,9987,0,-2.548926,118.0148634,41.01,Jason-3
2020,258,0,-2.548926,118.0148634,35.41,Jason-3
2020,528,0,-2.548926,118.0148634,64.91,Jason-3
2020,745,0,-2.548926,118.0148634,59.31,Jason-3
2020,1146,0,-2.548926,118.0148634,104.81,Jason-3
2020,134,0,-2.548926,118.0148634,79.21,Jason-3
2020,1612,0,-2.548926,118.0148634,69.61,Jason-3
2020,1887,0,-2.548926,118.0148634,61.71,Jason-3
2020,2156,0,-2.548926,118.0148634,55.71,Jason-3
2020,2427,0,-2.548926,118.0148634,62.81,Jason-3
2020,2699,0,-2.548926,118.0148634,74.31,Jason-3
2020,2972,0,-2.548926,118.0148634,72.31,Jason-3
2020,3244,0,-2.548926,118.0148634,51.31,Jason-3
2020,3519,0,-2.548926,118.0148634,42.71,Jason-3
2020,3782,0,-2.548926,118.0148634,44.21,Jason-3
2020,406,0,-2.548926,118.0148634,62.41,Jason-3
2020,433,0,-2.548926,118.0148634,54.81,Jason-3
2020,4591,0,-2.548926,118.0148634,47.21,Jason-3
2020,4873,0,-2.548926,118.0148634,24.71,Jason-3
2020,5142,0,-2.548926,118.0148634,12.31,Jason-3
2020,5416,0,-2.548926,118.0148634,22.01,Jason-3
2020,5687,0,-2.548926,118.0148634,10.41,Jason-3
2020,5959,0,-2.548926,118.0148634,4.01,Jason-3
2020,6228,0,-2.548926,118.0148634,25.31,Jason-3
2020,6502,0,-2.548926,118.0148634,10.91,Jason-3
2020,6772,0,-2.548926,118.0148634,22.11,Jason-3
2020,7041,0,-2.548926,118.0148634,27.01,Jason-3
2020,7318,0,-2.548926,118.0148634,40.51,Jason-3
2020,7586,0,-2.548926,118.0148634,52.11,Jason-3
2020,7858,0,-2.548926,118.0148634,76.41,Jason-3
2020,8111,0,-2.548926,118.0148634,107.61,Jason-3
2020,841,0,-2.548926,118.0148634,130.71,Jason-3
2020,8672,0,-2.548926,118.0148634,124.91,Jason-3
2020,8948,0,-2.548926,118.0148634,130.71,Jason-3
2020,9214,0,-2.548926,118.0148634,156.51,Jason-3
2020,949,0,-2.548926,118.0148634,166.01,Jason-3
2020,9759,0,-2.548926,118.0148634,187.71,Jason-3
2021,28,0,-2.548926,118.0148634,181.81,Jason-3
2021,303,0,-2.548926,118.0148634,184.01,Jason-3
2021,574,0,-2.548926,118.0148634,202.11,Jason-3
2021,844,0,-2.548926,118.0148634,221.11,Jason-3
2021,1116,0,-2.548926,118.0148634,206.01,Jason-3
2021,1383,0,-2.548926,118.0148634,190.51,Jason-3
2021,1658,0,-2.548926,118.0148634,192.81,Jason-3
2021,1925,0,-2.548926,118.0148634,168.21,Jason-3
2021,22,0,-2.548926,118.0148634,157.81,Jason-3
2021,2473,0,-2.548926,118.0148634,152.11,Jason-3
2021,2745,0,-2.548926,118.0148634,171.31,Jason-3
2021,3012,0,-2.548926,118.0148634,147.91,Jason-3
2021,329,0,-2.548926,118.0148634,128.01,Jason-3
2021,3563,0,-2.548926,118.0148634,94.31,Jason-3
2021,3829,0,-2.548926,118.0148634,73.31,Jason-3
2021,41,0,-2.548926,118.0148634,66.41,Jason-3
2021,4372,0,-2.548926,118.0148634,67.81,Jason-3
2021,4647,0,-2.548926,118.0148634,77.11,Jason-3
2021,4918,0,-2.548926,118.0148634,74.41,Jason-3
2021,5186,0,-2.548926,118.0148634,61.91,Jason-3
2021,5468,0,-2.548926,118.0148634,75.41,Jason-3
2021,5729,0,-2.548926,118.0148634,69.81,Jason-3
2021,6002,0,-2.548926,118.0148634,59.31,Jason-3
2021,6269,0,-2.548926,118.0148634,46.31,Jason-3
2021,655,0,-2.548926,118.0148634,61.01,Jason-3
2021,6821,0,-2.548926,118.0148634,57.21,Jason-3
2021,709,0,-2.548926,118.0148634,71.51,Jason-3
2021,7359,0,-2.548926,118.0148634,78.91,Jason-3
2021,7637,0,-2.548926,118.0148634,113.31,Jason-3
2021,7905,0,-2.548926,118.0148634,122.81,Jason-3
2021,8174,0,-2.548926,118.0148634,128.81,Jason-3
2021,8442,0,-2.548926,118.0148634,137.21,Jason-3
2021,8723,0,-2.548926,118.0148634,157.11,Jason-3
2021,899,0,-2.548926,118.0148634,194.21,Jason-3
2021,9263,0,-2.548926,118.0148634,217.81,Jason-3
2021,9526,0,-2.548926,118.0148634,218.11,Jason-3
2021,9802,0,-2.548926,118.0148634,207.31,Jason-3
2022,75,0,-2.548926,118.0148634,186.41,Jason-3
2022,348,0,-2.548926,118.0148634,164.41,Jason-3
2022,62,0,-2.548926,118.0148634,172.41,Jason-3
2022,888,0,-2.548926,118.0148634,171.01,Jason-3
2022,1161,0,-2.548926,118.0148634,172.01,Jason-3
2022,1437,0,-2.548926,118.0148634,174.31,Jason-3
2022,1702,0,-2.548926,118.0148634,173.31,Jason-3
2022,1952,0,-2.548926,118.0148634,164.31,Jason-3
2022,2233,0,-2.548926,118.0148634,175.21,Jason-3
2022,2517,0,-2.548926,118.0148634,193.61,Jason-3
2022,3199,0,-2.548926,118.0148634,153.81,Jason-3
2022,3385,0,-2.548926,118.0148634,158.01,Jason-3
2022,3657,0,-2.548926,118.0148634,168.41,Jason-3
2022,3927,0,-2.548926,118.0148634,173.21,Jason-3
2022,4195,0,-2.548926,118.0148634,177.51,Jason-3
2022,447,0,-2.548926,118.0148634,156.81,Jason-3
2022,4744,0,-2.548926,118.0148634,132.31,Jason-3
2022,5015,0,-2.548926,118.0148634,109.81,Jason-3
2022,5284,0,-2.548926,118.0148634,103.31,Jason-3
2022,5555,0,-2.548926,118.0148634,88.61,Jason-3
2022,5824,0,-2.548926,118.0148634,84.11,Jason-3
2022,6053,0,-2.548926,118.0148634,88.51,Jason-3
